subject	relation	object	roles	year_start	year_end	explicit	sources	evidence
A. Dawson	collaborated_with	Edwin Norris				True	Windisch GSP	Norris setzte sich mit dem sachkundigen A. Dawson in Verbindung. Dieser erkannte in dem ihm von Norris vorgelegten Stück der Inschrift das 7. Edikt der Asoka-Inschrift von Girnar.
A. Obolonsky	collaborated_with	Angelo De Gubernatis				True	Winternitz GIL 2	Auch Angelo de Gubernatis und A. Obolonsky (Le Prince Siddhartha, drama en 5 actes et 21 tableaux, Tours 1899) haben das Leben des Buddha dramatisch bearbeitet.
Abraham Hyacinthe Anquetil-Duperron	collaborated_with	Johann III Bernoulli				True	Windisch GSP	Anquetil Duperron, der Bernoulli bei der Herausgabe unterstützte
Abraham Hyacinthe Anquetil-Duperron	collaborated_with	Joseph Tiefenthaler				True	Windisch GSP	Mit Anquetil Duperron, der Bernoulli bei der Herausgabe unterstützte, stand Tieffenthaler in wissenschaftlichem Verkehr.
Adalbert Kuhn	collaborated_with	Albrecht Weber	Sanskritkränzchen	1848	1850	True	Windisch GSP	hatte er in den Jahren 1848-1850 in Berlin ein Sanskritkränzchen zusammen mit Goldstücker und Weber.
Adalbert Kuhn	collaborated_with	August Schleicher	Mitbegründer	1858		True	Windisch GSP	die er 1858 durch die von ihm im Bunde mit Schleicher gegründeten "Beiträge zur Vergleichenden Sprachforschung...
Adalbert Kuhn	collaborated_with	Theodor Aufrecht	Mitherausgeber	1852		True	Windisch GSP	Im Jahre 1852 erschien der erste Band der von Kuhn, anfangs im Verein mit Aufrecht, herausgegebenen "Zeitschrift für Vergleichende Sprachforschung...
Adalbert Kuhn	collaborated_with	Theodor Goldstücker	Sanskritkränzchen	1848	1850	True	Windisch GSP	hatte er in den Jahren 1848-1850 in Berlin ein Sanskritkränzchen zusammen mit Goldstücker und Weber.
Adalbert Kuhn	collaborated_with	Wilhelm Schwartz	Schwager			True	Windisch GSP	Auf diesem Gebiete arbeitete er zusammen mit seinem Schwager Schwartz.
Adolf Friedrich Stenzler	collaborated_with	August Wilhelm von Schlegel				True	Windisch GSP	Stenzler übernahm es, an Lassens Stelle für Schlegels Ausgabe des Rāmāyaṇa die Londoner Handschriften des III. Buches zu kollationieren
Adolf Kaegi	collaborated_with	Karl Friedrich Geldner		1875	1875	True	Windisch GSP; Winternitz GIL 1	Siebenzig Lieder des Rigveda übersetzt von Karl Geldner und Adolf Kaegi, Tübingen 1875.
Adolf Kirchhoff	collaborated_with	Theodor Aufrecht		1850	1851	True	Windisch GSP	hatte schon im Verein mit Kirchhoff das grundlegende Werk über die umbrischen Sprachdenkmäler herausgegeben (Bonn 1850, 1851)
Albert Hoefer	collaborated_with	Otto von Böhtlingk		1845		True	Windisch GSP	Da bis zum Jahre 1845 noch kein vedischer Hymnus mit den Akzenten versehen gedruckt worden war, wandte sich Böhtlingk für die 19 Hymnen seiner Chrestomathie an Hoefer
Albert Joseph Edmunds	collaborated_with	Masaharu Anesaki	editor		1909	True	Winternitz GIL 2	Buddhist and Christian Gospels now first compared from the Originals by A. J. Edmunds, edited by M. Anesaki, 4th Ed., Philadelphia 1908/9.
Albrecht Weber	collaborated_with	Emil Sieg	compiler of index	1898	1898	True	Windisch GSP	analysierte er es 1898 unter dem Titel "Zu Kṣemendra's lokaprakāśa", in den Ind. Studien XVIII 289—412, mit Index von E. Sieg.
Albrecht Weber	collaborated_with	Ernst Haas				True	Winternitz GIL 1	E. Haas und A. Weber, Die Heiratsgebräuche der alten Inder, nach den Gṛhyasūtra (im fünften Band der »Indischen Studien«)
Albrecht Weber	collaborated_with	Georg Curtius				True	Windisch GSP	und las er Veda mit Weber.
Alexander Cunningham	collaborated_with	James Prinsep				True	Windisch GSP	my coin essays are joint productions, and that I have an auxiliary at my elbow, far better acquainted with the contents of, I may say, all the collections of coins in India
Alexander Cunningham	collaborated_with	William Hodge Mill		1837	1837	True	Windisch GSP	Mill veröffentlichte sie 1837 auf Grund einer Bleistiftzeichnung des Lieut. Cunningham JASB. VI 1 ff.
Alexander Garden Shirreff	collaborated_with	Panna Lall			1918	True	Winternitz GIL 3	Eine englische Übersetzung von G. Shirreff und Panna Lall ist Allahabad 1918 erschienen
Alexander Hamilton	collaborated_with	Louis-Mathieu Langlès	Katalogverfasser	1807	1807	True	Windisch GSP; Winternitz GIL 1	"Catalogue des manuscrits sanskrits de la bibliothèque impériale... Par A. Hamilton et L. Langlès".
Alexander von Staël-Holstein	collaborated_with	Wilhelm Radloff			1910	True	Winternitz GIL 2	Tiśastvustik von W. Radloff und Baron A. von Staël-Holstein, Bibl. Buddhica XII, St. Petersburg 1910
Amédée Hauvette-Besnault	collaborated_with	Paul Roussel		1884	1898	True	Winternitz GIL 1	T. IV u. V publié par M. Hauvette-Besnault et P. Roussel. Paris 1884 et 1898.
Angelo De Gubernatis	collaborated_with	Carlo Giussani	contributor of appendix			True	Windisch GSP	In einer "Appendice" ergänzte Carlo Giussani dieses für italienische Studenten berechnete Handbuch durch eine Grammatik und Lesestücke
Anthony Abraham Fokker	collaborated_with	Willem Caland			1915	True	Windisch GSP	Caland gab sie mit Hilfe von A. A. Fokker in holländischer Übersetzung heraus
Anthony Troyer	collaborated_with	Madhava Ray				True	Windisch GSP	Sie war dem Captain Troyer übergeben worden, der sie trotz der Hilfe seines Pandit Madhava Ray doch nur sehr mangelhaft lesen konnte
Archibald Edward Gough	collaborated_with	Edward Byles Cowell			1894	True	Winternitz GIL 3	Translated by E. B. Cowell and A. E. Gough, 2nd Ed., London 1894.
Archibald Edward Gough	collaborated_with	Govindadeva Śāstrī	joint translation			True	Winternitz GIL 3	Englische Übersetzung des Kommentars Vidvanmanorañjanī von Rāmatīrtha durch A. E. Gough und Govindadeva Śāstrī in Pandit, vols. VI–VIII.
Arthur Anthony Macdonell	collaborated_with	Arthur Berriedale Keith	co-authors	1912	1912	True	Winternitz GIL 3	A. A. Macdonell und A. B. Keith, Vedic Index of Names and Subjects, London 1912
Arthur Berriedale Keith	collaborated_with	Moriz Winternitz			1905	True	Winternitz GIL 1; Winternitz GIL 2; Winternitz GIL 3	M. Winternitz and A. B. Keith, Catalogue of Sanskrit Manuscripts in the Bodleian Library, II, Oxford 1905
Arthur Coke Burnell	collaborated_with	Edward Washburn Hopkins			1884	True	Winternitz GIL 3	Eine neuere Übersetzung ist die von A. C. Burnell und E. W. Hopkins (London 1884)
Arthur Surridge Hunt	collaborated_with	Bernard Pyne Grenfell		1903		True	Windisch GSP	die von Grenfell und Hunt aus den Oxyrrhynchus Papyri 1903 veröffentlichte Farce
Ashwatthama Balacharya Gajendragadkar	collaborated_with	Shripad Damodar Gajendragadkar		1919	1919	True	Winternitz GIL 3	von S. D. und A. B. Gajendragadkar, Poona 1919
August Wilhelm von Schlegel	collaborated_with	Christian Lassen	assistant/collaborator	1829	1831	True	Windisch GSP; Winternitz GIL 3	Dazwischen gab er zusammen mit Lassen den "Hitopadesas id est Institutio salutaris" heraus, den Text 1829, den Commentarius criticus 1831
August Wilhelm von Schlegel	collaborated_with	Franz Bopp				True	Windisch GSP	daß er in Paris oft gemeinschaftlich mit Bopp gearbeitet habe
Bapu Deva Sastri	collaborated_with	Fitzedward Hall		1854	1858	True	Winternitz GIL 3	Herausgegeben von F. E. Hall und Bāpu Deva Śāstrin in Bibl. Ind. 1854—1858
Bapu Deva Sastri	collaborated_with	Lancelot Wilkinson		1861	1862	True	Winternitz GIL 3	Der Golādhyāya ins Englische übersetzt von L. Wilkinson und Bāpu Deva Śāstrī, Calcutta 1861—1862.
Benimadhab Barua	collaborated_with	Sailendranath Mitra		1921	1921	True	Winternitz GIL 3	neu herausgegeben von Benimadhab Barua und Sailendranath Mitra, Prakrit Dhammapada based upon M. Senart's Kharosthī Manuscript with Text, Translation and Notes, publ. by the University of Calcutta 1921.
Bernhard Geiger	collaborated_with	Erwin Felber			1912	True	Winternitz GIL 3	E. Felber (Die indische Musik der vedischen und der klassischen Zeit, mit Texten und Übersetzungen von B. Geiger, SWA 1912)
Berthold Delbrück	collaborated_with	Ernst Windisch				True	Windisch GSP	Die gemeinsamen Bestrebungen veranlaßten Delbrück, sich mit Windisch zu den "Syntaktischen Forschungen" zu verbinden
Berthold Delbrück	collaborated_with	Karl Brugmann				True	Windisch GSP	Brugmann verband sich mit ihm und übertrug ihm die Syntax in seinem Grundriß der Vergleichenden Sprachwissenschaft.
Bhagwanlal Indraji	collaborated_with	Georg Bühler		1878	1878	True	Windisch GSP	Einen genaueren Text und eine bessere Übersetzung dieser merkwürdigen ältesten Sanskritschrift gab 1878 Bhagvānlāl Indraji (in Verbindung mit Bühler) im Indian Antiquary VII 257.
Brian Houghton Hodgson	collaborated_with	James Prinsep				True	Windisch GSP	Er gehörte mit zu dem Milieu, in dem Prinsep seine entziffernde Tätigkeit entfaltete. Von ihm erhielt dieser das erste Faksimile der Asoka-Inschrift von Mathiah
Bunyiu Nanjio	collaborated_with	Friedrich Max Müller		1883	1884	True	Windisch GSP; Winternitz GIL 2	Sukhāvatī-Vyūha, Description of Sukhāvatī, the Land of Bliss", Oxford 1883. An der Herausgabe ist Bunyiu Nanjio wesentlich beteiligt.
Bunyiu Nanjio	collaborated_with	Hendrik Kern	co-editors	1908	1912	True	Windisch GSP; Winternitz GIL 2	Der Sanskrittext ist erst von H. Kern und Bunyiu Nanjio in der Bibliotheca Buddhica, St. Petersburg 1912, herausgegeben worden.
Carl Cappeller	collaborated_with	Charles Rockwell Lanman			1891	True	Windisch GSP	"A Sanskrit-English Dictionary", Straßburg 1891, bei der er von Lanman durch Rat und Tat unterstützt wurde.
Carl Cappeller	collaborated_with	Ernst Leumann		1899	1899	True	Windisch GSP	"A Sanskrit-English Dictionary" von Monier-Williams, die zweite Ausgabe besorgt von Cappeller im Verein mit Leumann, Oxford 1899.
Carl Vilhelm Trenckner	collaborated_with	Robert Chalmers	co-editor	1888	1902	True	Winternitz GIL 2	Herausgegeben von V. Trenckner und R. Chalmers, London PTS 1888—1902, 3 Vols.
Caroline Augusta Foley Rhys Davids	collaborated_with	Frank Lee Woodward		1916	1916	True	Winternitz GIL 3	Yogāvacara's Manual by F. L. Woodward ed. . . . by Mrs. Rhys Davids, London PTS 1916.
Caroline Augusta Foley Rhys Davids	collaborated_with	Mabel Hunt		1911	1911	True	Winternitz GIL 2	Edited by Caroline Rhys Davids, assisted by Mary C. Foley and Mabel Hunt, Vol. I, London PTS 1911.
Caroline Augusta Foley Rhys Davids	collaborated_with	Mary C. Foley		1911	1911	True	Winternitz GIL 2	Edited by Caroline Rhys Davids, assisted by Mary C. Foley and Mabel Hunt, Vol. I, London PTS 1911.
Caroline Augusta Foley Rhys Davids	collaborated_with	Pe Maung Tin		1920	1921	True	Winternitz GIL 3	The Expositor (Atthasālinī)... translated by Maung Tin, ed. and revised by Mrs. Rhys Davids. London PTS 1920/21.
Caroline Augusta Foley Rhys Davids	collaborated_with	Shwe Zan Aung		1915	1915	True	Winternitz GIL 3	Übersetzung des Kathāvatthu von Shwe Zan Aung und Mrs. Rhys Davids, London PTS 1915.
Caroline Augusta Foley Rhys Davids	collaborated_with	Suriyagoda Sumangala Thera		1918	1918	True	Winternitz GIL 3	translated by Mrs. Rhys Davids assisted by Sūriyagoḍa Sumangala Thera, London PTS, Translation Series, Nr. 7, 1918
Caroline Augusta Foley Rhys Davids	collaborated_with	Thomas William Rhys Davids				True	Winternitz GIL 3	Dialogues of the Buddha, transl. by T. W. and C. A. F. Rhys Davids
Cecil Bendall	collaborated_with	Louis de La Vallée Poussin		1905	1906	True	Winternitz GIL 2	Bodhisattvabhūmi, a Text-Book of the Yogācāra School; an English Summary with Notes etc. by C. Bendall and L. de La Vallée Poussin, Le Muséon, N. S. VI, 1905, p. 38 ff.; VII, 1906, p. 213 ff.
Cecil Bendall	collaborated_with	Peter Peterson			1890	True	Winternitz GIL 3	P. Peterson und C. Bendall, JRAS 1890, 490 ff.
Charles Masson	collaborated_with	Horace Hayman Wilson			1841	True	Windisch GSP	Ariana Antiqua. A descriptive account of the Antiquities and Coins of Afghanistan : with a Memoir on the Buildings called Topes, by C. Masson, Esqu., London 1841
Charles Rieu	collaborated_with	Otto von Böhtlingk	co-editors	1841	1847	True	Windisch GSP; Winternitz GIL 3	letzteres von Böhtlingk und Rieu (Petersburg 1847) herausgegeben.
Charles Rockwell Lanman	collaborated_with	Henry Clarke Warren	fortgesetzt und vollendet			True	Winternitz GIL 2	Derselbe allzu früh verstorbene amerikanische Gelehrte hat eine Ausgabe und eine Übersetzung des Werkes begonnen, die, von C. R. Lanman fortgesetzt und vollendet, in der »Harvard Oriental Series« erscheinen sollen.
Charles Rockwell Lanman	collaborated_with	Sten Konow		1901		True	Winternitz GIL 3	kritisch von Sten Konow nebst englischer Übersetzung von Ch. R. Lanman in HOS, Vol. IV, Cambridge Mass. 1901.
Chimanlal Dahyabhai Dalal	collaborated_with	R. Anantakrishna Shastry			1916	True	Winternitz GIL 3	ed. by C. D. Dalal and R. Anantakrishna Shastry in Gaekwad's Oriental Series, No. 1, Baroda 1916
Christian Karl Josias von Bunsen	collaborated_with	Friedrich Max Müller		1847	1847	True	Windisch GSP	Das Zusammenarbeiten mit Bunsen zeigt sich zuerst in M. Müllers Vortrag... eine der "Three Linguistic Dissertations, read at the Meeting of the British Association in Oxford, by Chevalier Bunsen, Charles Meyer, and Max Müller"
Christian Lassen	collaborated_with	Eugène Burnouf		1826	1826	True	Windisch GSP; Winternitz GIL 1	Burnouf und Lassen hatten im Essai sur le Pali S. 152 fg. diese Sprache als aus dem Sanskrit entstanden hingestellt
Christian Lassen	collaborated_with	Karl Joseph Hieronymus Windischmann				True	Windisch GSP	dem Werke "Die Philosophie im Fortgange der Weltgeschichte" von K. J. H. Windischmann, zu dem Fr. Windischmann und Lassen wertvolle Beiträge aus der brahmanischen Philosophie geliefert haben
Clara Mary Ridding	collaborated_with	Louis de La Vallée Poussin		1920	1920	True	Winternitz GIL 3	Ein Fragment des Sanskrit Vinaya, Bhikṣuṇīkādharmavacana, ist herausgegeben von C. M. Ridding und La Vallée Poussin BSOS, vol. I, part 3, 1920
Dattatraya Shastri Nigdukar	collaborated_with	K. M. Joglekar			1912	True	Winternitz GIL 2	Ashvaghosha's Buddha-Charita, cantos I—V with a scholium by Dattatraya Shastri Nigdukar, and Introduction, Notes and Translation by K. M. Joglekar
Dines Andersen	collaborated_with	Helmer Smith		1913	1913	True	Winternitz GIL 2	Neue Ausgabe des Suttanipāta von D. Andersen und Helmer Smith, London PTS 1913.
Dines Andersen	collaborated_with	Michael Viggo Fausbøll	Index compiler	1877	1897	True	Winternitz GIL 2	The Jātaka together with its Commentary being Tales of the Anterior Births of Gotama Buddha edited by V. Fausböll, Vols. I—VII (vol. VII: Index by Dines Andersen), London 1877—1897.
Durgāprasāda	collaborated_with	Kashinath Pandurang Parab	Herausgeber	1891		True	Windisch GSP	herausgegeben von Durgāprasād und Kāśīnāth Pāṇḍurang Parab in der Kāvyamālā, Bombay 1891
Durgāprasāda	collaborated_with	Peter Peterson	editor	1886	1886	True	Winternitz GIL 3	Ed. by P. Peterson and Pandit Durgāprasāda, BSS 1886.
Ebenezer Burgess	collaborated_with	William Dwight Whitney		1858	1860	True	Windisch GSP; Winternitz GIL 3	Auch die Ausgabe des Sūryasiddhānta von Burgess und Whitney in der Bibliotheca Indica lag damals schon vor.
Edmund Hardy	collaborated_with	Richard Morris		1885	1900	True	Winternitz GIL 2	Herausgegeben von R. Morris und E. Hardy, London PTS 1885—1900, 5 vols
Edward Byles Cowell	collaborated_with	Frederick William Thomas	co-translators	1897	1897	True	Winternitz GIL 3	Ins Englische übersetzt von E. B. Cowell und F. W. Thomas, London 1897.
Edward Byles Cowell	collaborated_with	Heinrich Wenzel				True	Windisch GSP	sondern auch Cowell bei der Ausgabe des Buddhacarita, s. dessen Preface S. V.
Edward Byles Cowell	collaborated_with	Henry Thomas Francis	translator	1895	1907	True	Winternitz GIL 2	The Jātaka or Stories of the Buddha's Former Births, translated from the Pāli by various Hands under the Editorship of E. B. Cowell, Vols. I—VI, Cambridge 1895—1907 (Übersetzer sind: ... H. T. Francis
Edward Byles Cowell	collaborated_with	John Muir	Verbesserungen			True	Windisch GSP	Im Appendix teilt Muir Verbesserungen von Goldstücker, Cowell und Aufrecht mit.
Edward Byles Cowell	collaborated_with	Julius Eggeling	co-authors	1876	1876	True	Windisch GSP; Winternitz GIL 2	E. B. Cowell und J. Eggeling, A Catalogue of Buddhist Sanskrit Manuscripts in the possession of the R. Asiatic Society (Hodgson Collection), JRAS. VIII, London 1876.
Edward Byles Cowell	collaborated_with	Robert Alexander Neil	co-editor; co-editors; translator	1886	1907	True	Windisch GSP; Winternitz GIL 2	in Cowell und Neils Ausgabe (Cambridge 1886)
Edward Byles Cowell	collaborated_with	Theodor Goldstücker			1878	True	Winternitz GIL 3	Ed. by Th. Goldstücker und E. B. Cowell, London 1878
Edward Byles Cowell	collaborated_with	William Henry Denham Rouse	translator	1895	1907	True	Winternitz GIL 2	The Jātaka or Stories of the Buddha's Former Births, translated from the Pāli by various Hands under the Editorship of E. B. Cowell, Vols. I—VI, Cambridge 1895—1907 (Übersetzer sind: ... W. H. D. Rouse
Edward Denison Ross	collaborated_with	Satis Chandra Vidyabhusan	co-editors			True	Winternitz GIL 3	ed. by E. Denison Ross and S. Ch. Vidyābhūṣaṇa, Part I
Edward Joseph Thomas	collaborated_with	Louis de La Vallée Poussin		1916	1918	True	Winternitz GIL 3	Niddesa, I. Mahā Niddesa, ed. by L. de La Vallée Poussin and E. J. Thomas; II. Cullaniddesa, ed. by W. Stede. London PTS 1916—1918.
Edwin Norris	collaborated_with	Horace Hayman Wilson				True	Windisch GSP	Wilson veröffentlichte ihren Text vollständig in der oben erwähnten Neubearbeitung der Felseninschriften, mit einem Faksimile von Norris
Else Lüders	collaborated_with	Heinrich Lüders		1921	1921	True	Winternitz GIL 3	Eine Auswahl aus dem Jātakabuch übersetzt von Else Lüders, Buddhistische Märchen, mit einer Einleitung von H. Lüders, Jena 1921.
Emilio Teza	collaborated_with	Ignazio Guidi	Transkription der Handschrift			True	Windisch GSP	Den Text hatte für ihn Ignazio Guidi aus der Handschrift transkribiert.
Ernst Haas	collaborated_with	Ernst Windisch		1870	1871	True	Windisch GSP	In England arbeitete er zusammen mit Eggeling und Haas an dem "Catalogue of the Sanskrit Manuscripts in the India Office Library"
Ernst Kuhn	collaborated_with	Gustaaf Adolf van den Bergh van Eysinga	contributor of afterword		1904	True	Winternitz GIL 2	Ernst Kuhn im Nachwort zu Bergh van Eysingas Werk (S. 102 ff.)
Ernst Kuhn	collaborated_with	Lucian Scherman	Vorbereitung einer Bibliographie			True	Windisch GSP	Eine solche Bibliographie hat Ernst Kuhn schon seit Jahren vorbereitet, im Verein mit L. Scherman
Ernst Leumann	collaborated_with	Kaigyoku Watanabe			1912	True	Winternitz GIL 2	K. Watanabe, Die Bhadracarī, eine Probe buddhistisch-religiöser Lyrik, untersucht und herausgegeben (mit einer Übersetzung von E. Leumann), Leipzig 1912
Ernst Windisch	collaborated_with	Julius Eggeling		1870	1871	True	Windisch GSP	In England arbeitete er zusammen mit Eggeling und Haas an dem "Catalogue of the Sanskrit Manuscripts in the India Office Library"
Fitzedward Hall	collaborated_with	Reinhold Rost	co-editor			True	Winternitz GIL 1	Works by the late H. H. Wilson, ed. by R. Rost and Fitzedward Hall
Francesco Lorenzo Pullè	collaborated_with	Luigi Suali	Übersetzer			True	Winternitz GIL 2	Einzelne Kapitel des Kommentars übersetzt von Pullé und Suali in GSAI 8, 159 ff.; 9, 1 ff.; 12, 225 ff.; 17, 243 ff.; 19, 283 ff.; 20, 33 ff.
Franklin Edgerton	collaborated_with	LeRoy Carr Barret		1906	1921	True	Winternitz GIL 3	Die Bücher I, II, IV—VIII der Kaschmirischen Rezension sind mit textkritischen Noten herausgegeben von Le Roy Carr Barret und F. Edgerton in JAOS vols. 26, 30, 32, 34, 35, 37, 40 und 41, 1906—1921.
Franz Kielhorn	collaborated_with	Georg Bühler				True	Winternitz GIL 3	Herausgegeben ist der »Textus simplicior« von F. Kielhorn und G. Bühler, BSS I, III, V
Frederick William Thomas	collaborated_with	Hakuju Ui		1918	1918	True	Winternitz GIL 3	suchen F. W. Thomas und H. Ui (JRAS 1918, 267 ff.) den Sanskrittext aus den tibetischen und chinesischen Versionen zu rekonstruieren.
Friedrich Bollensen	collaborated_with	Richard Pischel				True	Windisch GSP	Die Oxforder Handschriften verglich Pischel für ihn bei seinem Aufenthalt in England.
Friedrich Heinrich Hugo Windischmann	collaborated_with	Karl Joseph Hieronymus Windischmann				True	Windisch GSP	dem Werke "Die Philosophie im Fortgange der Weltgeschichte" von K. J. H. Windischmann, zu dem Fr. Windischmann und Lassen wertvolle Beiträge aus der brahmanischen Philosophie geliefert haben
Friedrich Max Müller	collaborated_with	Georg Bühler	prepared index for book			True	Windisch GSP	M. Müller dankt diesem hier am Ende der Vorrede für Anfertigung des Index zu seinem Buche.
Friedrich Max Müller	collaborated_with	George Thibaut	Mitarbeiter			True	Windisch GSP	Später sind Brunnhofer, Eggeling, Thibaut, Winternitz stille Mitarbeiter gewesen.
Friedrich Max Müller	collaborated_with	Heinrich Wenzel		1885	1885	True	Windisch GSP; Winternitz GIL 2	übernahm M. Müller die Herausgabe in Verbindung mit H. Wenzel.
Friedrich Max Müller	collaborated_with	Hermann Brunnhofer	Hilfsarbeiter am Wortindex zum Rgveda; Mitarbeiter	1867	1867	True	Windisch GSP	Später sind Brunnhofer, Eggeling, Thibaut, Winternitz stille Mitarbeiter gewesen.
Friedrich Max Müller	collaborated_with	Julius Eggeling	Mitarbeiter			True	Windisch GSP	Später sind Brunnhofer, Eggeling, Thibaut, Winternitz stille Mitarbeiter gewesen.
Friedrich Max Müller	collaborated_with	Karl Meyer		1847	1847	True	Windisch GSP	"Three Linguistic Dissertations, read at the Meeting of the British Association in Oxford, by Chevalier Bunsen, Charles Meyer, and Max Müller", London 1847.
Friedrich Max Müller	collaborated_with	Kenjiu Kasawara			1885	True	Winternitz GIL 2	Herausgegeben von Kenjiu Kasawara, Max Müller und H. Wenzel (Anecdota Oxoniensia, Aryan Series, Vol 1, Part 5), Oxford 1885.
Friedrich Max Müller	collaborated_with	Moriz Winternitz	Mitarbeiter			True	Windisch GSP	Später sind Brunnhofer, Eggeling, Thibaut, Winternitz stille Mitarbeiter gewesen.
Friedrich Max Müller	collaborated_with	Theodor Aufrecht	Amanuensis/collaborator			True	Windisch GSP	Der erste Amanuensis dieser Art war Aufrecht... "as much of the correctness and accuracy of the last volumes was due to his conscientious cooperation".
Friedrich Otto Schrader	collaborated_with	M. D. Ramanujacharya		1916	1916	True	Winternitz GIL 3	Ahirbudhnya-Saṃhitā (ed. by M. D. Rāmānujācārya under the supervision of F. O. Schrader, Madras 1916)
Friedrich Rückert	collaborated_with	Johann Wilhelm Andreas Pfaff				True	Windisch GSP	Rückert arbeitete an der Übersetzung von Nal und Damajanti zusammen mit dem Professor der Mathematik Wilhelm Pfaff in Erlangen
Ganganatha Jha	collaborated_with	George Thibaut	joint translation	1907	1913	True	Winternitz GIL 3	ins Englische übersetzt von G. Thibaut und Gaṅgānātha Jhā in Indian Thought, vols. I—V, 1907—1913.
Georg Bühler	collaborated_with	Johann Kirste		1892	1893	True	Winternitz GIL 1; Winternitz GIL 3	Indian Studies. By G. Bühler und J. Kirste, No. II. Contributions to the History of the Mahābhārata. Sitzungsberichte der k. Akademie der Wiss. in Wien. Phil.-histor. Cl., Bd. CXXVII. Wien 1892.
Georg Bühler	collaborated_with	Peter Peterson		1887	1891	True	Winternitz GIL 3	Edited by G. Bühler and P. Peterson, Bombay 1887 und 1891 (BSS, Nr. 10 und 42)
Georg Bühler	collaborated_with	Raymond West				True	Windisch GSP	Digest of Hindu Law, from the replies of the Shastris in the several Courts of the Bombay Presidency, Book II, Partition" von R. West und J. G. Bühler
Georg Bühler	collaborated_with	Theodor Zachariae		1888	1888	True	Winternitz GIL 3	G. Bühler und Th. Zachariae, Über das Navasāhasāṅkacarita des Padmagupta oder Parimala, in SWA 1888.
Georg Curtius	collaborated_with	Karl Brugmann	co-editor of Studien zur griechischen und lateinischen Grammatik			True	Windisch GSP	der von ihm gegründeten, dann mit Brugmann zusammen herausgegebenen "Studien zur griechischen und lateinischen Grammatik"
George Melville Bolling	collaborated_with	Julius von Negelein		1909	1910	True	Winternitz GIL 3	The Pariśiṣṭas of the Atharvaveda ed. by G. M. Bolling and J. v. Negelein, Leipzig 1909 f.
George Thibaut	collaborated_with	Sudhakara Dvivedi		1889	1889	True	Windisch GSP; Winternitz GIL 3	Noch G. Thibaut hat die Ausgabe der Pañcasiddhāntikā, Benares 1889, zusammen mit dem auch auf dem Titel genannten Mahāmahopādhyāya Sudhākara Dvivedī unternommen.
Georgiana Howard Kingscote	collaborated_with	S. M. Natesa Sastri		1890	1890	True	Winternitz GIL 3	H. Kingscote and N. Sastri, Tales of the Sun, or Folklore of Southern India, London 1890.
Godefroy de Blonay	collaborated_with	Louis de La Vallée Poussin	co-authors	1892	1894	True	Winternitz GIL 2	L. de La Vallée Poussin und G. de Blonay, Contes Bouddhiques in RHR, t. 26. 1892, 180 ff. und t. 29, 1894, 195 ff., 329 ff.
Govind Bahirav Brahme	collaborated_with	Shivaram Mahadeo Paranjape			1893	True	Winternitz GIL 3	Herausgegeben von Govind Bahirav Brahme und Dhiravam Mahadeo Paranjape, Poona 1893
Gustav Bickell	collaborated_with	Theodor Benfey			1876	True	Windisch GSP	Kalilag und Damnag. Alte syrische Übersetzung des indischen Fürstenspiegels. Text und deutsche Übersetzung von Gustav Bickell. Mit einer Einleitung von Theodor Benfey
Hari Mohan Vidyabhushana	collaborated_with	Sarat Chandra Das		1888		True	Winternitz GIL 2	Der Text mit der tibetischen Übersetzung wird in der Bibl. Ind., Kalkutta 1888 ff. von Sarat Chandra Dās und Hari Mohan Vidyābhūṣaṇa herausgegeben.
Harilal Harshādrāy Dhruva	collaborated_with	Kamalashankar Pranshankar Trivedi	joint editor	1901	1902	True	Winternitz GIL 3	Herausgegeben von H. H. Dhruva und K. P. Trivedi in BSS, Nr. 61 und 62, 1901 und 1902.
Harishchandra Kaviratna	collaborated_with	Prafulla Chandra Ray		1910	1910	True	Winternitz GIL 3	The Rasārṇavam or the Ocean of Mercury and other Metals and Minerals ed. by P. C. Ray and P. Hariśchandra Kaviratna, Bibl. Ind. 1910.
Heinrich Meyer-Benfey	collaborated_with	Hermanna Meyer-Franck	co-translators	1920	1920	True	Winternitz GIL 3	übersetzt von H. Meyer-Franck und H. Meyer-Benfey, 1920
Heinrich Wenzel	collaborated_with	Kenjiu Kasawara			1885	True	Winternitz GIL 2	Herausgegeben von Kenjiu Kasawara, Max Müller und H. Wenzel (Anecdota Oxoniensia, Aryan Series, Vol 1, Part 5), Oxford 1885.
Helmer Smith	collaborated_with	Mabel Hunt		1915	1915	True	Winternitz GIL 3	Khuddaka-Pāṭha together with its Commentary ed. by H. Smith, from a Collation by Mabel Hunt. London PTS 1915.
Henri Hubert	collaborated_with	Marcel Mauss		1897	1898	True	Winternitz GIL 1	Die Bedeutung der Śrautasūtras für die allgemeine Religionswissenschaft haben zuerst H. Hubert und M. Mauss in ihrem »Essai sur la nature et la fonction du sacrifice«
Henry Thomas Colebrooke	collaborated_with	Horace Hayman Wilson	co-editor	1837	1837	True	Windisch GSP; Winternitz GIL 3	die Sāṅkhyakārikās des Īśvarakṛṣṇa zu erwähnen, die später von ihm und Wilson, zusammen mit dem Kommentar des Gauḍapāda, herausgegeben worden sind.
Henry Thomas Colebrooke	collaborated_with	William Carey		1804	1804	True	Windisch GSP	das Colebrooke angeregt, Carey herausgegeben hat, Serampore 1804. [...] Colebrooke ist mit der Vorrede zum Hitopadeśa daran beteiligt
Hermann Jacobi	collaborated_with	Peter Peterson		1899		True	Winternitz GIL 2	Ed. by P. Peterson und H. Jacobi, Bibl. Ind., 1899 ff.
Hermann Oldenberg	collaborated_with	Richard Pischel			1883	True	Winternitz GIL 2	Herausgegeben von H. Oldenberg und R. Pischel, London PTS 1883.
Hermann Oldenberg	collaborated_with	Thomas William Rhys Davids	co-translators			True	Winternitz GIL 2	noch einmal übersetzt von Rhys Davids und Oldenberg in SBE XIII, p. 1 ff.
Hermann Paul	collaborated_with	Wilhelm Braune	Mitherausgeber			True	Windisch GSP	in den ersten Bänden der von Hermann Paul und Wilhelm Braune herausgegebenen "Beiträge zur geschichte der deutschen sprache und literatur"
Horace Hayman Wilson	collaborated_with	Theodor Goldstücker	3. Auflage des Wörterbuchs			True	Windisch GSP	In London übertrug ihm Wilson die 3. Auflage seines Wörterbuchs.
J. S. Burt	collaborated_with	Thomas Seymour Burt		1834	1834	True	Windisch GSP	von Lieut. T. S. Burt, Engineers", der von seinem Bruder Lieut. Burt unterstützt wurde
James Burgess	collaborated_with	James Fergusson				True	Windisch GSP	das Werk von J. Fergusson und J. Burgess "The Cave Temples of India", London 1879
James Prinsep	collaborated_with	Kamalakanta Vidyalankara	pandit; pandit assistant	1837	1837	True	Windisch GSP	In philologischer Beziehung unterstützte ihn sein Pandit Kamalākānta, der ihm z. B. den Inhalt der berühmten Sanskrit-Inschrift von Junagarh in Gujerat zugänglich machte
James Prinsep	collaborated_with	Ratnapala				True	Windisch GSP	Prinsep wurde im Verständnis der Sprache von "Ratna Paula the Pálí scholar" unterstützt (JASB. VI 469).
James Robert Ballantyne	collaborated_with	Pramadādāsa Mitra	translators	1851	1875	True	Winternitz GIL 3	Herausgegeben von E. Röer mit einer englischen Übersetzung von J. R. Ballantyne und Pramadā Dāsa Mitra, Bibl. Ind. 1851—1875.
James Sutherland Cotton	collaborated_with	William Wilson Hunter				True	Windisch GSP	Editor des Gazetteer für England war J. S. Cotton, der schon in den früheren Ausgaben mit Hunter zusammengearbeitet hatte.
Jean Brengues	collaborated_with	Johannes Hertel		1908	1908	True	Winternitz GIL 3	über das laotische Mulla Tantai s. J. Brengues und J. Hertel in JA 1908, Nov.-Déc., 357 ff.
Johann Christoph Adelung	collaborated_with	Johann Severin Vater	completed his work after his death			True	Windisch GSP	allgemeinen Sprachenkunde, die nach dessen Tode von Joh. Severin Vater zu Ende geführt wurde.
Johannes Hertel	collaborated_with	Richard Schmidt		1905	1907	True	Winternitz GIL 2	herausgegeben und übersetzt von R. Schmidt und J. Hertel in ZDMG 59, 1905 und 61, 1907.
John Muir	collaborated_with	Theodor Aufrecht	Hilfe für das Verständnis der vedischen Texte		1863	True	Windisch GSP	Noch mehr erkennt Muir die Hilfe Aufrechts an in der Preface des schon 1863 erschienenen Vol. IV, für das Verständnis der vedischen Texte
John Muir	collaborated_with	Theodor Goldstücker	Verbesserungen			True	Windisch GSP	Im Appendix teilt Muir Verbesserungen von Goldstücker, Cowell und Aufrecht mit.
Joseph Estlin Carpenter	collaborated_with	Thomas William Rhys Davids	co-editors	1886	1911	True	Winternitz GIL 2	Herausgegeben von T. W. Rhys Davids und J. E. Carpenter, London PTS, vol. I, 1890, vol. II, 1903, vol. III, 1911.
Joshua Marshman	collaborated_with	William Carey		1806	1810	True	Windisch GSP	zusammen mit Joshua Marshman das Rāmāyaṇa herauszugeben begonnen, Serampore 1806—1810
K. G. Sankara Aiyar	collaborated_with	Ramesh Chandra Majumdar			1918	True	Winternitz GIL 3	R. C. Majumdar und K. G. Sankara Aiyar, Ind. Ant. 47, 1918, 223 f.
K. R. Māḍgāvkar	collaborated_with	Kashinath Pandurang Parab		1898	1898	True	Winternitz GIL 3	mit Kommentar des Jagaddhara von K. P. Parab und K. R. Māḍgāvkar, Bombay 1898, 2nd Ed. 1905, NSP.
Karl Friedrich Geldner	collaborated_with	Richard Pischel		1889	1901	True	Windisch GSP; Winternitz GIL 1	"Vedischen Studien" von Geldner und Pischel
Kashinath Pandurang Parab	collaborated_with	Narayan Balkrishna Godbole		1883	1891	True	Winternitz GIL 3	von N. B. Godabole und K. P. Parab, 3d Ed., Bombay 1891, NSP.
Kashinath Pandurang Parab	collaborated_with	S. Rangachariar			1901	True	Winternitz GIL 3	mit dem Kommentar des Vīrarāghava von T. R. Ratnam Aiyar, S. Rangachariar und K. P. Parab, 2nd Ed., Bombay 1901 NSP.
Kashinath Pandurang Parab	collaborated_with	T. R. Ratnam Aiyar			1901	True	Winternitz GIL 3	mit dem Kommentar des Vīrarāghava von T. R. Ratnam Aiyar, S. Rangachariar und K. P. Parab, 2nd Ed., Bombay 1901 NSP.
Lattara Śarma	collaborated_with	Sudhakara Dvivedi		1883	1883	True	Winternitz GIL 3	Mit Kommentar herausgegeben von S. Dvivedī und Lattara Śarma, Benares 1883.
Louis Corneille Wijesinha	collaborated_with	Robert Caesar Childers			1871	True	Winternitz GIL 2	Über die Geschichte der Aṭṭhakathās handeln L. C. Vijasinha und R. C. Childers, JRAS V, 2, 1871, p. 289 ff.
Louis Finot	collaborated_with	Édouard Huber			1913	True	Winternitz GIL 2	herausgegeben von L. Finot und mit der chinesischen Version des Kumārajīva ins Französische übersetzt von É. Huber in JA, s. 11, t. II, 1913, 465 ff.
Louis Leupol	collaborated_with	Émile-Louis Burnouf				True	Windisch GSP	In Nancy taten sich die Philologen Émile Burnouf und L. Leupol zusammen, um die Erlernung des Sanskrit durch praktische Bücher zu erleichtern.
Louis de La Vallée Poussin	collaborated_with	Robert Gauthiot			1912	True	Winternitz GIL 2	Ein von M. A. Stein aus Zentralasien mitgebrachtes Fragment einer Nīlakaṇṭhadhāraṇī in Brāhmī- und in soghdischer Schrift ist herausgegeben von La Vallée Poussin und R. Gauthiot, JRAS 1912, 629 ff.
M. Rangacharya	collaborated_with	S. Kuppuswami Sastri		1921	1921	True	Winternitz GIL 3	ed. by Ranga Acharya and by S. Kuppuswami Sastri, Madras 1921
Magdalene Geiger	collaborated_with	Wilhelm Geiger			1918	True	Winternitz GIL 2	Die zweite Dekade der Rasavāhinī ist herausgegeben und übersetzt von Magdalene und Wilhelm Geiger, SBayA 1918, 5. Abh.
Martin Seydel	collaborated_with	Rudolf Seydel	editor/contributor of supplementary notes		1897	True	Winternitz GIL 2	Die Buddha-Legende und das Leben Jesu nach den Evangelien, erneute Prüfung ihres gegenseitigen Verhältnisses, 2. Aufl. mit ergänzenden Anmerkungen von Martin Seydel, Weimar 1897.
Maurice Bloomfield	collaborated_with	Richard von Garbe		1901	1901	True	Windisch GSP; Winternitz GIL 3	indem M. Bloomfield und R. Garbe herausgaben "The Kashmirian Atharva-Veda (school of the Paippalādas)...", 3 Voll., Stuttgart 1901.
Moritz Abraham Stern	collaborated_with	Theodor Benfey			1836	True	Windisch GSP	seine im Verein mit Stern herausgegebene Schrift "Über die Monatsnamen einiger alten Völker"
Moriz Winternitz	collaborated_with	Otto Stein				True	Winternitz GIL 3	Herr Privatdozent Dr. Otto Stein hat mir beim Lesen der Korrekturen und bei der Herstellung des Index auch für diesen Band wertvolle Hilfe geleistet
Mutu Coomaraswamy	collaborated_with	Richard Morris		1884	1884	True	Winternitz GIL 2	Herausgegeben von Rhys Davids im Verein mit Coomara Svamy und R. Morris im JPTS 1884, p. 109 ff.
Mutu Coomaraswamy	collaborated_with	Thomas William Rhys Davids		1884	1884	True	Winternitz GIL 2	Herausgegeben von Rhys Davids im Verein mit Coomara Svamy und R. Morris im JPTS 1884, p. 109 ff.
Otto Strauss	collaborated_with	Paul Deussen		1906	1906	True	Windisch GSP; Winternitz GIL 1	von Deussen im Verein mit Strauss (1906)
Otto von Böhtlingk	collaborated_with	Rudolf von Roth		1852	1875	True	Windisch GSP; Winternitz GIL 1	das Sanskrit-Wörterbuch von Böhtlingk und Roth benutzt hat
Paul Goldschmidt	collaborated_with	Siegfried Goldschmidt		1880	1884	True	Windisch GSP; Winternitz GIL 3	In Wirklichkeit hat ihn erst später musterhaft herausgegeben Siegfried Goldschmidt, unterstützt von Paul Goldschmidt
Peter Peterson	collaborated_with	Ramkrishna Gopal Bhandarkar				True	Windisch GSP	Bhandarkar... der damals im Verein mit Peterson Sanskritmanuskripte gesammelt und beschrieben hatte
Richard Morris	collaborated_with	Thomas William Rhys Davids		1884	1884	True	Winternitz GIL 2	Herausgegeben von Rhys Davids im Verein mit Coomara Svamy und R. Morris im JPTS 1884, p. 109 ff.
Rudolf von Roth	collaborated_with	William Dwight Whitney	Herausgeber; co-editors	1856	1856	True	Windisch GSP; Winternitz GIL 1	Roth und Whitneys Atharvaveda, Berlin 1856.
S. Krishnaswami Aiyangar	collaborated_with	Vincent Arthur Smith	contributed introduction	1911	1911	True	Winternitz GIL 3	S. Krishnaswami Aiyangar, Ancient India, London u. Madras 1911, S. 336 ff., dem V. A. Smith in der diesem Werk vorausgeschickten Einleitung p. XIII beistimmt
S. Rangachariar	collaborated_with	T. R. Ratnam Aiyar			1901	True	Winternitz GIL 3	mit dem Kommentar des Vīrarāghava von T. R. Ratnam Aiyar, S. Rangachariar und K. P. Parab, 2nd Ed., Bombay 1901 NSP.
S. Subrahmanya Sastri	collaborated_with	T. S. Kuppuswami Sastri		1902	1902	True	Winternitz GIL 2	Ed. by T. S. Kuppuswami Śāstrī and S. Subrahmanya Śāstrī, Madras 1902
Sylvain Lévi	collaborated_with	Theodor Stcherbatsky		1918	1918	True	Winternitz GIL 3	Sphuṭārthā, Abhidharmakośavyākhyā ed. S. Lévi und Th. Stcherbatsky, Bibliotheca Buddhica, XXI, 1918.
Sylvain Lévi	collaborated_with	Édouard Specht		1892	1892	True	Winternitz GIL 2	Ed. Specht et Sylvain Lévi, Deux traductions Chinoises du Milindapañho, OC IX London 1892, vol. I, 518 ff.
T. R. Ratnam Aiyar	collaborated_with	Vasudev Laxman Shastri Pansikar			1911	True	Winternitz GIL 3	Mit dem Kommentar von Vīrarāghava herausgegeben von T. R. Ratnam Aiyar und V. L. Sh. Panasīkar, 4th Ed., Bombay 1911 NSP.
Vincent Arthur Smith	collaborated_with	William Hoey				True	Winternitz GIL 2	Buddhistische Sūtras in Sanskrit, auf Ziegeln geschrieben, fanden V. A. Smith und W. Hoey in den Ruinen von Gopālpūr
Wilhelm Pertsch	collaborated_with	William Dwight Whitney		1852		True	Windisch GSP	"Kshitīçavaṃçāvalīcharitam...", Leipzig 1852, Weber gewidmet, mit englischer Übersetzung, bei der ihm Whitney zur Seite stand.
William Dwight Whitney	collaborated_with	William Haskell				True	Windisch GSP	Mit Haskell zusammen veröffentlichte Whitney ebenda Proceed. S. XXXVII 'Statistics of External Vowel-Combination in the Rig- and Atharva-Vedas'.
Adalbert Bezzenberger	founded	Beiträge zur Kunde der indogermanischen Sprachen				True	Windisch GSP	seit 1906 vereinigt mit den von Adalbert Bezzenberger gegründeten "Beiträgen zur Kunde der indogermanischen Sprachen".
Adalbert Kuhn	founded	Beiträge zur Vergleichenden Sprachforschung auf dem Gebiete der Arischen, Celtischen und Slawischen Sprachen		1858		True	Windisch GSP	die er 1858 durch die von ihm im Bunde mit Schleicher gegründeten "Beiträge zur Vergleichenden Sprachforschung...
Adalbert Kuhn	founded	Zeitschrift für vergleichende Sprachforschung		1852		True	Windisch GSP	Im Jahre 1852 erschien der erste Band der von Kuhn, anfangs im Verein mit Aufrecht, herausgegebenen "Zeitschrift für Vergleichende Sprachforschung...
Albert Hoefer	founded	Zeitschrift für die Wissenschaft der Sprache		1845		True	Windisch GSP	Er gründete 1845 die "Zeitschrift für die Wissenschaft der Sprache"
Albrecht Weber	founded	Indische Studien		1850		True	Windisch GSP	Schon zuvor hatte er die Zeitschrift für die Kunde des indischen Altertums "Indische Studien" gegründet, Erster Band Berlin 1850 bei Ferd. Dümmler
Andrzej Gawroński	founded	Rocznik Orientalistyczny	co-founder	1914		True	Windisch GSP	in der mit von ihm gegründeten Zeitschrift Rocznik Oryentalistyczny (Polnisches Archiv für Orientalistik), Erster Teil, Krakau 1914-1915
Angelo De Gubernatis	founded	Giornale della Società Asiatica Italiana		1887		True	Windisch GSP	mit dem "Giornale della Società Asiatica Italiana", deren erster Band Firenze 1887 erschien
Angelo De Gubernatis	founded	Museo Indiano		1886		True	Windisch GSP	daß er nicht nur das Museo Indiano, sondern auch die Società Asiatica Italiana in Florenz gründete
Angelo De Gubernatis	founded	Società Asiatica Italiana		1886		True	Windisch GSP	daß er nicht nur das Museo Indiano, sondern auch die Società Asiatica Italiana in Florenz gründete
August Wilhelm von Schlegel	founded	Indische Bibliothek		1820		True	Windisch GSP	in der von A. W. Schlegel 1820 gegründeten Zeitschrift "Indische Bibliothek"
David Hare	founded	Hindu College, Calcutta		1816		True	Windisch GSP	Hindū Mahā-vidyālaya ... 1816 in Calcutta aus Beiträgen der Eingeborenen selbst entstanden durch die Bemühungen von Sir E. H. East, David Hare, Rāja Rām Mohun Roy
Edward Hyde East	founded	Hindu College, Calcutta		1816		True	Windisch GSP	Hindū Mahā-vidyālaya ... 1816 in Calcutta aus Beiträgen der Eingeborenen selbst entstanden durch die Bemühungen von Sir E. H. East, David Hare, Rāja Rām Mohun Roy
Georg Bühler	founded	Grundriss der Indo-Arischen Philologie und Altertumskunde				True	Windisch GSP	GRUNDRISS DER INDO-ARISCHEN PHILOLOGIE UND ALTERTUMSKUNDE (ENCYCLOPEDIA OF INDO-ARYAN RESEARCH) BEGRÜNDET VON G. BÜHLER
Georg Curtius	founded	Studien zur griechischen und lateinischen Grammatik				True	Windisch GSP	in einer Erklärung, die Curtius in Band IX der von ihm gegründeten, dann mit Brugmann zusammen herausgegebenen "Studien zur griechischen und lateinischen Grammatik", S. 468, erließ.
Graziadio Isaia Ascoli	founded	Archivio Glottologico Italiano				True	Windisch GSP	das von ihm gegründete Archivio Glottologico Italiano
Heinrich Ewald	founded	Zeitschrift für die Kunde des Morgenlandes		1837		True	Windisch GSP	die hauptsächlich von Ewald angeregte Gründung der "Zeitschrift für die Kunde des Morgenlandes", deren erstes Heft Göttingen 1837 erschien
Hermann Brockhaus	founded	Deutsche Morgenländische Gesellschaft				True	Windisch GSP	Brockhaus gehörte zu den Gründern der Deutschen Morgenländischen Gesellschaft, deren Zeitschrift er in den Jahren 1852 bis 1865 redigiert hat.
Hermann Osthoff	founded	Morphologische Untersuchungen auf dem Gebiete der indogermanischen Sprachen		1878	1881	True	Windisch GSP	gründeten sie die "Morphologischen Untersuchungen auf dem Gebiete der indogermanischen Sprachen", von denen vier Teile erschienen sind, Leipzig 1878-1881.
James Dowling Herbert	founded	Gleanings in Science		1829		True	Windisch GSP	der 1829 von Major Herbert gegründeten und von Prinsep übernommenen Zeitschrift "Gleanings in Science"
John Muir	founded	University of Edinburgh				True	Windisch GSP	Muir stiftete die Professur für Sanskrit in Edinburgh, deren erster Inhaber Aufrecht wurde.
Jonathan Duncan	founded	Benares Sanskrit College		1791		True	Windisch GSP	das "Sanskrit College", gegründet von J. Duncan 1791 in Benares
Karl Brugmann	founded	Morphologische Untersuchungen auf dem Gebiete der indogermanischen Sprachen		1878	1881	True	Windisch GSP	gründeten sie die "Morphologischen Untersuchungen auf dem Gebiete der indogermanischen Sprachen", von denen vier Teile erschienen sind, Leipzig 1878-1881.
Keshub Chunder Sen	founded	Brahmo Samaj of India	Begründer			True	Winternitz GIL 2	der im Jahre 1884 verstorbene Keshub Chunder Sen, der Begründer des »Brahmo Samaj of India«
Louis-Mathieu Langlès	founded	École des Langues Orientales Vivantes		1794		True	Windisch GSP	Infolge einer 1790 von ihm bei der Assemblée nationale eingereichten Adresse wurde 1794 die École des langues orientales vivantes gegründet.
Max Koch	founded	Zeitschrift für vergleichende Litteraturgeschichte	Begründer			True	Winternitz GIL 3	Max Koch, der Begründer der »Zeitschrift für vergleichende Litteraturgeschichte«
Monier Monier-Williams	founded	Indian Institute, Oxford		1883		True	Windisch GSP	Er gründete in Oxford das Indian Institute (S. 364)
Othmar Frank	founded	Vyāsa, Über Philosophie, Mythologie, Literatur und Sprache der Hindu		1826		True	Windisch GSP	läßt die von ihm gegründete Zeitschrift vermuten: "Vyāsa, Über Philosophie, Mythologie, Literatur und Sprache der Hindu"
Ram Mohan Roy	founded	Brahmo Samaj				True	Windisch GSP; Winternitz GIL 3	der Begründer des Brahma-Samāja
Ram Mohan Roy	founded	Hindu College, Calcutta		1816		True	Windisch GSP	Hindū Mahā-vidyālaya ... 1816 in Calcutta aus Beiträgen der Eingeborenen selbst entstanden durch die Bemühungen von Sir E. H. East, David Hare, Rāja Rām Mohun Roy
Roberto de Nobili	founded	Madurai Mission		1620		True	Windisch GSP	Er hat um 1620 die "Madura mission" gegründet
Theodor Aufrecht	founded	Zeitschrift für vergleichende Sprachforschung				True	Windisch GSP	und im Verein mit A. Kuhn die Zeitschrift für Vergleichende Sprachforschung gegründet
Theodor Benfey	founded	Göttingen School of Comparative Linguistics				True	Windisch GSP	und die Göttinger Schule der vergleichenden Sprachwissenschaft gegründet.
Theodor Benfey	founded	Orient und Occident		1862	1864	True	Windisch GSP	In den Jahren 1862 bis 1864 gab Benfey die Vierteljahrschrift "Orient und Occident" heraus, die schon mit Heft III des dritten Bandes wieder aufhörte.
Theodor Goldstücker	founded	Sanskrit Text Society				True	Windisch GSP	die Publikationen der von ihm gegründeten Sanskrit Text Society unter dem Titel Auctores Sanscriti
Thomas William Rhys Davids	founded	Pali Text Society		1882		True	Winternitz GIL 1	die im Jahre 1882 von T. W. Rhys Davids begründete »Pāli Text Society«
Warren Hastings	founded	Calcutta Madrasa		1781		True	Windisch GSP	"the Madrassa or Arabic College", gegründet von Warren Hastings 1781 in Calcutta
William Jones	founded	Asiatic Society of Bengal		1784		True	Windisch GSP; Winternitz GIL 1	Dieser geistvolle, vielseitige Mann war der Gründer der Asiatick Society in Calcutta
Abel Bergaigne	influenced_by	Adolphe Regnier				True	Windisch GSP	Widmung "A Monsieur Adolphe Regnier", .. "que nous appelons notre maître vénéré, parce que ses livres, à défaut de sa parole, ont continué chez nous l'enseignement d'Eugène Burnouf".
Adolf Friedrich Stenzler	influenced_by	Horace Hayman Wilson		1830		True	Windisch GSP	Schon seit dem Jahre 1830 hatte sich Stenzler mit dem Plane getragen, dieses Drama herauszugeben, angeregt durch Wilsons Übersetzung.
Adolf Holtzmann the Younger	influenced_by	Adolf Holtzmann the Elder				True	Windisch GSP	An seine Ideen knüpft sein Neffe Adolf Holtzmann der Jüngere an... der mit seines Onkels Exemplar der Calcuttaer Ausgabe auch das Studium des Mahābhārata geerbt hat.
Albrecht Weber	influenced_by	Adalbert Kuhn				True	Windisch GSP	Weber, der dauernd von Kuhn beeinflußt worden ist
Albrecht Weber	influenced_by	Adolf Holtzmann the Elder				True	Windisch GSP	Auch Holtzmanns 1841 erschienene Schrift "Über den griechischen Ursprung des Indischen Thierkreises" hatte großen Eindruck auf ihn gemacht
Albrecht Weber	influenced_by	Christian Karl Josias von Bunsen	patron			True	Windisch GSP	Auch Weber hat sich wie M. Müller der Unterstützung Bunsens erfreut, dem er sein Werk widmete: "To his Excellency the Chevalier Dr. C. C. J. Bunsen, the noble friend and patron of linguistic studies"
Albrecht Weber	influenced_by	Jean-Baptiste Biot				True	Windisch GSP	Den Anstoß zu Webers Untersuchung über die Nakṣatra hatten die Artikel des französischen Astronomen J. B. Biot gegeben
Albrecht Weber	influenced_by	Rudolf von Roth				True	Windisch GSP	Nr. 4 ist Rudolf Roth, gestorben 1895, zugeeignet, "der die Wege gewiesen"
Alfred Hillebrandt	influenced_by	Hermann Brunnhofer				True	Windisch GSP	Hillebrandt steht prinzipiell auf dem Standpunkt Brunnhofers, wenn er in seinem Aufsatz "Die Heimat des Ṛgveda", Österr. Monatsschrift für den Orient 1917, S. 285 sagt
Alfred Ludwig	influenced_by	Martin Haug				True	Windisch GSP	im Anschluß an Haug die Bedeutung des Rituals für das Verständnis des Ṛgveda hervorgehoben (S. XIII). Auch darin folgt er Haug
Angelo De Gubernatis	influenced_by	Theodor Benfey				True	Windisch GSP	In der Übersetzung schloß sich de Gubernatis hier an Benfey an, gestattete sich aber hier und da sehr kühne Konjekturen.
Arthur Berriedale Keith	influenced_by	Louis de La Vallée Poussin				True	Winternitz GIL 3	L. de La Vallée Poussin (Le Védisme, Paris 1909), dem sich A. B. Keith, JRAS 1909, 469 ff., anschließt
Arthur Schopenhauer	influenced_by	Abraham Hyacinthe Anquetil-Duperron				True	Windisch GSP	Diese Stimmung der Übersetzung hat noch nach Jahrzehnten ihre Wirkung auf empfängliche Gemüter ausgeübt, so auf Schopenhauer, der die indische Philosophie aus diesem Werke kennen lernte
Arthur Schopenhauer	influenced_by	Friedrich Majer				True	Windisch GSP	Schopenhauer schreibt in einem Briefe aus Weimar, daß der Orientalist Friedrich Majer ihn in das indische Altertum eingeführt habe, "welches von wesentlichem Einfluß auf mich gewesen ist"
August Blau	influenced_by	Carl Cappeller				True	Windisch GSP	Zum sachlichen Inhalt der Sprüche gab A. Blau auf Anregung von Cappeller einen Index in den Abhandlungen der DMG. IX, Leipzig 1893.
August Schleicher	influenced_by	Heinrich Ewald				True	Windisch GSP	daß er in Göttingen Bollensen, in Tübingen Schleicher und Roth, alle drei gleichfalls von Haus aus Theologen, für das Sanskrit gewonnen hat.
August Wilhelm von Schlegel	influenced_by	Arnold Hermann Ludwig Heeren				True	Windisch GSP	A. W. Schlegel knüpft an ihn und Heeren an
August Wilhelm von Schlegel	influenced_by	Friedrich Schlegel				True	Windisch GSP	A. W. Schlegel bekennt, daß dies das eine der zwei Bücher sei, durch die er sich hauptsächlich zur Erlernung des Sanskrit habe bestimmen lassen. Das andere ist das eben besprochene Buch seines Bruders.
August Wilhelm von Schlegel	influenced_by	William Robertson				True	Windisch GSP	A. W. Schlegel bekennt, daß dies das eine der zwei Bücher sei, durch die er sich hauptsächlich zur Erlernung des Sanskrit habe bestimmen lassen.
Berthold Delbrück	influenced_by	Otto von Böhtlingk				True	Windisch GSP	so waren doch Böhtlingk und Roth seine Leitsterne.
Berthold Delbrück	influenced_by	Rudolf von Roth		1874		True	Windisch GSP	ausgesprochen, daß er auf dem vedischen Gebiete nächst Roth das meiste Benfey verdanke
Berthold Delbrück	influenced_by	Theodor Benfey		1874		True	Windisch GSP	Delbrück hat 1874 in seinem Buche "Das Altindische Verbum" den Wert von Benfeys grammatischen Arbeiten anerkannt und ausgesprochen, daß er auf dem vedischen Gebiete nächst Roth das meiste Benfey verdanke
Carl Cappeller	influenced_by	Richard Pischel		1883		True	Windisch GSP	Über die Zeit und die Werke Rājaçekharas hatte damals Pischel einen Aufsatz geschrieben... durch den Cappeller zu dieser Ausgabe angeregt wurde
Charles Wilkins	influenced_by	Warren Hastings				True	Winternitz GIL 1	Der erste Engländer, der sich eine Kenntnis des Sanskrit aneignete, war Charles Wilkins, der durch Warren Hastings dazu angeregt worden war, bei den Paṇḍits in Benares... Unterricht zu nehmen.
Christian Lassen	influenced_by	Adalbert Kuhn				True	Windisch GSP	Abschnitt über die Entstehung der Kasten, der zugleich auch den Einfluß der besonders durch Adalbert Kuhn vertretenen archäologischen Richtung der vergleichenden Sprachwissenschaft erkennen läßt
Christian Lassen	influenced_by	August Wilhelm von Schlegel				True	Windisch GSP	Als Sanskritphilologe stand er unter dem Einflusse Schlegels.
Christian Lassen	influenced_by	Brian Houghton Hodgson				True	Windisch GSP	Zwar für den Buddhismus sah sich Lassen auf die Arbeiten von Hodgson, Burnouf und I. J. Schmidt angewiesen, S. 385 ff.
Christian Lassen	influenced_by	Eugène Burnouf				True	Windisch GSP	Zwar für den Buddhismus sah sich Lassen auf die Arbeiten von Hodgson, Burnouf und I. J. Schmidt angewiesen, S. 385 ff.
Christian Lassen	influenced_by	Isaak Jakob Schmidt				True	Windisch GSP	Zwar für den Buddhismus sah sich Lassen auf die Arbeiten von Hodgson, Burnouf und I. J. Schmidt angewiesen, S. 385 ff.
Christian Lassen	influenced_by	James Fergusson				True	Windisch GSP	Eine Hauptgrundlage für alle drei Stellen war ihm die zusammenfassende Abhandlung "On the Rock-cut Temples of India" von James Fergusson im Londoner Journal der RAS. Band VIII (1846) S. 30 ff.
Emil Sieg	influenced_by	Karl Friedrich Geldner			1902	True	Windisch GSP	die von Geldner angeregte Schrift "Die Sagenstoffe des Rgveda und die indische Itihāsatradition von Emil Sieg", mit I bezeichnet, Stuttgart 1902.
Ernst Kuhn	influenced_by	August Leskien				True	Windisch GSP	Über das Prinzip der Analogie s. die Vorrede zu E. Kuhns Pāli-Grammatik 1875. Das ist z. T. durch Leskiens Einfluß zu erklären
Ernst Windisch	influenced_by	Albrecht Weber		1881		True	Windisch GSP	Auf Webers Bahnen wandelte Windisch, als er 1881 auf dem V. Internationalen Orientalisten-Kongreß zu Berlin einen Vortrag "Über den griechischen Einfluß im indischen Drama" hielt
Eugène Burnouf	influenced_by	Alexander Csoma de Kőrös				True	Windisch GSP	In seinen Angaben über die verschiedenen buddhistischen Schulen und ihre Lehren hat Burnouf weniger unmittelbar aus den Quellen geschöpft, als aus den Arbeiten von Hodgson, Csoma, Schmidt
Eugène Burnouf	influenced_by	Brian Houghton Hodgson				True	Windisch GSP	so wäre Burnoufs Leistung nicht ohne Hodgson möglich gewesen.
Eugène Burnouf	influenced_by	Christian Lassen				True	Windisch GSP	Aus den Briefen ersehen wir, wie sehr ihn die Bekanntschaft mit Bopp und mit Lassen angespornt hat.
Eugène Burnouf	influenced_by	Franz Bopp				True	Windisch GSP	Aus den Briefen ersehen wir, wie sehr ihn die Bekanntschaft mit Bopp und mit Lassen angespornt hat.
Eugène Burnouf	influenced_by	Henry Thomas Colebrooke				True	Windisch GSP	Indem er sich auch auf Colebrookes Darstellung der Lehre der Bauddha aus brahmanischen Quellen stützte
Eugène Burnouf	influenced_by	Isaak Jakob Schmidt				True	Windisch GSP	In seinen Angaben über die verschiedenen buddhistischen Schulen und ihre Lehren hat Burnouf weniger unmittelbar aus den Quellen geschöpft, als aus den Arbeiten von Hodgson, Csoma, Schmidt
Eugène Burnouf	influenced_by	Jean-Louis Burnouf				True	Windisch GSP	Denn er hat nicht nur seinen Sohn zum Studium des Sanskrit angeregt
Ferdinand de Saussure	influenced_by	Karl Brugmann				True	Windisch GSP	Wenn auch beeinflußt von Brugmann, gab doch in selbständiger Weise eine Systematik des Vokalismus in der neuen Richtung F. de Saussure
Franz Bopp	influenced_by	Friedrich Schlegel				True	Windisch GSP	Er war von Friedrich Schlegels Buch angeregt worden
Friedrich Bollensen	influenced_by	Heinrich Ewald				True	Windisch GSP	daß er in Göttingen Bollensen, in Tübingen Schleicher und Roth, alle drei gleichfalls von Haus aus Theologen, für das Sanskrit gewonnen hat.
Friedrich Heinrich Hugo Windischmann	influenced_by	August Wilhelm von Schlegel				True	Windisch GSP	Am Schluß der Praefatio apostrophiert er Schlegel, durch den er zum Studium des Sanskrit angeregt worden sei
Friedrich Majer	influenced_by	Johann Gottfried Herder				True	Windisch GSP	Aber ein Verehrer von ihm, der Jenaer Privatdozent Friedrich Majer (1772-1818), der seinerseits die bis dahin erschienenen englischen Übersetzungen kannte, vermittelte ihm diese.
Friedrich Max Müller	influenced_by	Christian Karl Josias von Bunsen	patron			True	Windisch GSP	Aber mehr als dadurch wurde er in England von Anfang an durch Bunsen beeinflußt und seinen eigenen Anlagen entsprechend zur Religionsgeschichte in der Weltgeschichte geführt.
Friedrich Max Müller	influenced_by	Eugène Burnouf				True	Windisch GSP	Namentlich der letztere hat wiederholt bekannt, daß er zu der Ausgabe des Rgveda mit Sāyaṇas Kommentar durch Burnouf veranlaßt worden sei.
Friedrich Max Müller	influenced_by	James Fergusson				True	Windisch GSP	adoptierte M. Müller die von Fergussons "architektonischem Genie" in seiner Abhandlung "On the Śaka, Samvat, and Gupta Eras" aufgestellte Theorie
Friedrich Max Müller	influenced_by	Ludwig Noiré				True	Windisch GSP	In dieser Frage war er von Ludwig Noiré beeinflußt, dem er auch sein letztes größeres Werk gewidmet hat
Friedrich Rosen	influenced_by	Henry Thomas Colebrooke				True	Windisch GSP	Er nennt Colebrooke seinen Führer.
Fritz Johaentgen	influenced_by	Albrecht Weber				True	Windisch GSP	und suchte nach Webers Methode das Verhältnis des Mānava zu der indischen Philosophie darzustellen
Félix Nève	influenced_by	Friedrich Heinrich Hugo Windischmann				True	Windisch GSP	Aber auch der katholische Theolog Fr. Windischmann... zu dem er während eines einjährigen Aufenthaltes in München in nähere Beziehungen trat, hatte Einfluß auf ihn
Georg Bühler	influenced_by	Friedrich Max Müller				False	Winternitz GIL 3	Was aber Max Müller nur vermuten konnte, das hat G. Bühler durch zahlreiche Beweisgründe zu einer wissenschaftlichen Tatsache erhoben
Gottlieb Siegfried Bayer	influenced_by	Mathurin Veyssière de La Croze				True	Windisch GSP	Die Hauptanregung bei seinen wissenschaftlichen Arbeiten, die Babinger vollständig verzeichnet, verdankt er La Croze, mit dem er in fortgesetztem Briefwechsel stand.
Heinrich Wenzel	influenced_by	Friedrich Max Müller				True	Windisch GSP	Seine besondere Studienrichtung erhielt er durch Max Müller in Oxford
Hermann Jacobi	influenced_by	Georg Bühler				True	Windisch GSP	Im Hintergrund steht Bühler, dem Jacobi sein Buch gewidmet hat, und dem er die erste Auskunft über einige wichtige Punkte verdankte.
Horace Hayman Wilson	influenced_by	Henry Thomas Colebrooke				True	Windisch GSP	Auf den Rat Colebrookes entschloß sich Wilson, sie nachzuprüfen und zu ergänzen.
Horace Hayman Wilson	influenced_by	James Prinsep				True	Windisch GSP	in den archäologischen schloß er sich an Prinsep an
Jakob H. Thiessen	influenced_by	Richard Pischel			1880	True	Windisch GSP	über die dann Jakob H. Thiessen, von Pischel angeregt, seine Dissertation "Die Legende von Kisāgotamī" schrieb, Breslau 1880.
James Prinsep	influenced_by	Brian Houghton Hodgson		1834		True	Windisch GSP	Er erhielt diese von B. H. Hodgson, Resident in Nepal, der also auch hier eine erste Anregung gegeben hat.
James Prinsep	influenced_by	Charles Masson				True	Windisch GSP	Wie Prinseps Leistung nicht ohne Masson
James Prinsep	influenced_by	Eugène Burnouf			1837	True	Windisch GSP	Prinsep bekennt in einem Briefe an Burnouf vom 17. Juni 1837, daß der Essai über das Pāli bei seiner Übersetzung der Asoka-Inschriften sein Hauptführer im Studium der Endungen und der Flexionen gewesen sei
Johannes Gildemeister	influenced_by	Friedrich von Adelung				True	Windisch GSP	Aber ohne Adelung wahrscheinlich kein Gildemeister!
Johannes Schmidt	influenced_by	Karl Brugmann				True	Windisch GSP	Schmidt war, wie aus seinen eigenen Worten hervorgeht, von Brugmanns Arbeiten angeregt worden.
John Muir	influenced_by	Christian Lassen				True	Windisch GSP	Manches ist seit Lassen, dem Muir in Band II seiner "Original Sanskrit Texts" folgte, noch nicht wieder so eingehend be- handelt worden.
Julius Grill	influenced_by	Rudolf von Roth				True	Windisch GSP	Wie Cappeller zu Böhtlingk, so stand der württembergische Theologe Grill zu Roth in einem Pietätsverhältnis.
Leopold von Schroeder	influenced_by	Hermann Reich				True	Windisch GSP	Während Reich das Buch von L. v. Schroeder "Mimus und Mysterium im Rigveda" zu den Erfolgen seiner Forschung rechnen darf
Leopold von Schroeder	influenced_by	Johannes Hertel			1908	True	Windisch GSP	Wenn er gleich die ersten, Ṛgv. I 171, 172 und 165, nach Vorgang von Hertel, als ebensoviele (sehr kurze) Akte eines Dramas zu einem Ganzen vereinigt
Luigi Suali	influenced_by	Hermann Jacobi				True	Winternitz GIL 3	Jacobi (JAOS 31, 1911, 1 ff.), dem Suali (Introduzione p. 13) folgt, hat versucht, eine Chronologie der philosophischen Sūtras festzustellen
Maurice Bloomfield	influenced_by	William Dwight Whitney				True	Windisch GSP	Ebenso zeigt sich Whitneys Einfluß, wenn die Amerikaner sich besonders dem Atharvaveda zugewendet haben. Bloomfield widmete seine 1890 in Band XIV des JAOS. erschienene Ausgabe des Kauśikasūtra 'To William Dwight Whitney'
Michael Viggo Fausbøll	influenced_by	Albrecht Weber		1871	1871	True	Windisch GSP	Veranlaßt durch Webers Abhandlung veröffentlichte Fausböll schon im Jahre nach ihr auch den Text: "The Dasaratha-Jātaka, being the Buddhist story of King Rāma", Kopenhagen und London 1871
Moriz Winternitz	influenced_by	Albrecht Weber				True	Winternitz GIL 1	Was ich den grundlegenden »Akademischen Vorlesungen über indische Literaturgeschichte« von Albrecht Weber (2. Aufl., Berlin 1876)... verdanke
Moriz Winternitz	influenced_by	Auguste Barth				True	Winternitz GIL 1	Manches verdanke ich auch, ohne daſs es immer besonders erwähnt wäre, den wertvollen »Bulletins des Religions de l'Inde« von A. Barth
Moriz Winternitz	influenced_by	Leopold von Schroeder				True	Winternitz GIL 1	Was ich den... so überaus anregenden und wertvollen Vorlesungen über »Indiens Literatur und Kultur in historischer Entwicklung« von Leopold v. Schroeder (Leipzig 1887) verdanke
Nisikānta Chattopādhyāya	influenced_by	Christian Lassen				True	Windisch GSP	Für die letztere stützt sich N. Ch. auf Lassen.
Othmar Frank	influenced_by	Henry Thomas Colebrooke				True	Windisch GSP	Sein Führer war Colebrooke, in dessen Handschriftensammlung er sich auch während seines Aufenthalts in London umgesehen hatte
Paul Regnaud	influenced_by	John Muir				True	Windisch GSP	indem er die Hauptlehren mit den Hauptstellen belegte, hierin der Methode von John Muir in den "Original Sanskrit Texts" folgend.
Paulinus a Sancto Bartholomaeo	influenced_by	Johann Ernst Hanxleden				True	Windisch GSP	indem Fr. Paulinus a Sancto Bartholomaeo ... sie benutzte, die Grammatik für sein Sidharubam ... das Wörterbuch für sein Systema Brahmanicum
Peter von Bohlen	influenced_by	Arnold Hermann Ludwig Heeren				True	Windisch GSP	v. Bohlen sagt ausdrücklich, daß er Heerens Darstellung durch seine Kenntnis des Sanskrit ergänzen wolle.
Rudolf von Roth	influenced_by	Heinrich Ewald				True	Windisch GSP	daß er in Göttingen Bollensen, in Tübingen Schleicher und Roth, alle drei gleichfalls von Haus aus Theologen, für das Sanskrit gewonnen hat.
Theodor Aufrecht	influenced_by	Friedrich Rosen				True	Windisch GSP	erkennt er dankbar die von Rosen und Roth ausgegangene Anregung an.
Theodor Aufrecht	influenced_by	Rudolf von Roth				True	Windisch GSP	erkennt er dankbar die von Rosen und Roth ausgegangene Anregung an.
Theodor Goldstücker	influenced_by	Peter von Bohlen				True	Windisch GSP	daß er Th. Goldstücker in Königsberg zum Sanskrit angeregt hat
Waskaduwe Subhuti	influenced_by	Robert Caesar Childers				True	Windisch GSP	seine auf Childers' Veranlassung herausgegebene Pāli-Grammatik Nāmamālā
Wilhelm von Humboldt	influenced_by	August Wilhelm von Schlegel				True	Winternitz GIL 1	Schlegels Ausgabe der Bhagavadgītā hatte Humboldts Aufmerksamkeit auf dieses theosophische Gedicht gelenkt.
Wilhelm von Humboldt	influenced_by	Henry Thomas Colebrooke				True	Windisch GSP	W. v. Humboldt, der die indische Philosophie aus Colebrookes Essays kennen gelernt hatte
Wilhelm von Humboldt	influenced_by	John Crawfurd				True	Windisch GSP	Raffles und Crawfurd waren schon W. v. Humboldts Autoritäten für sein Werk über die Kawi-Sprache.
Wilhelm von Humboldt	influenced_by	Thomas Stamford Raffles				True	Windisch GSP	Raffles und Crawfurd waren schon W. v. Humboldts Autoritäten für sein Werk über die Kawi-Sprache.
Willem Caland	influenced_by	Theodor Zachariae				True	Windisch GSP	W. Caland wurde durch Th. Zachariae auf zwei alte portugiesische Berichte dieser Art aufmerksam gemacht
William Jones	influenced_by	Francis Wilford				True	Windisch GSP	W. Jones, obwohl anfangs mißtrauisch, war dann in "Remarks on the Preceding Essay" auf Wilfords Ideen eingegangen
William Robertson	influenced_by	James Rennell				True	Windisch GSP	Robertson seinerseits war zu seinem Buche durch das Memoir des Major Rennell veranlaßt worden
Émile-Louis Burnouf	influenced_by	Eugène Burnouf				True	Windisch GSP	Émile Burnouf war durch das Vorbild seines Onkels Eugène B. zum Studium des Sanskrit angeregt worden.
Abraham Hyacinthe Anquetil-Duperron	other	Guillaume Le Gentil de La Galaisière	Freund			True	Windisch GSP	durch die Güte seines Freundes Le Gentil, "tunc apud Nabab Soudjaëddaulah, in urbe Faisabad, ministerii Gallici nomine residentis"
Adalbert Kuhn	other	Félix Nève	friend			True	Windisch GSP	Er fand die Zustimmung von Adalbert Kuhn, der ihn seinen Freund nennt
Adalbert Kuhn	other	Wilhelm Schwartz	Schwager			True	Windisch GSP	Auf diesem Gebiete arbeitete er zusammen mit seinem Schwager Schwartz.
Adolf Friedrich Stenzler	other	Friedrich Rosen	friend			True	Windisch GSP	Er dankt seinem Freunde Rosen und Bopp für Mitlesen der Korrekturbogen.
Adolf Friedrich Stenzler	other	Hermann Brockhaus	friend			True	Windisch GSP	Stenzler war nahe befreundet mit Rosen und mit Brockhaus, dem er die Gṛhyasūtrāṇi widmete.
Adolf Friedrich Stenzler	other	Niels Ludvig Westergaard	friend			True	Windisch GSP	Auf alter Freundschaft auch mit Westergaard beruhte, daß er zwei wichtige Abhandlungen dieses dänischen Gelehrten ins Deutsche übersetzen ließ.
Adolf Holtzmann the Younger	other	Adolf Holtzmann the Elder	nephew			True	Windisch GSP	An seine Ideen knüpft sein Neffe Adolf Holtzmann der Jüngere an
Albrecht Weber	other	Bal Gangadhar Tilak	opponent in controversy; opposed in scholarly dispute	1894		True	Windisch GSP	In Nr. 1 nimmt er gegen Tilak Stellung (S. 781), der die Namen Orion und Āgrāyaṇa identifizierte
Albrecht Weber	other	Franz Kielhorn	differing views on accent representation	1868		True	Windisch GSP	Nach Webers Ansicht handelt es sich um die graphische Bezeichnung der Akzente, nach Kielhorn dagegen um die Aussprache.
Albrecht Weber	other	Friedrich Max Müller	opposed in scholarly dispute	1865		True	Windisch GSP	wendet sich gegen eine falsche Berechnung des Umfangs der Tage von Seiten M. Müllers.
Albrecht Weber	other	Heinrich Kiepert	friend			True	Windisch GSP	Nr. 7 Heinrich Kiepert. Weber stand mitten drin in einem großen Kreise von wissenschaftlichen Freunden.
Albrecht Weber	other	Hermann Jacobi	opponent in controversy; opposed in scholarly dispute	1894		True	Windisch GSP	in Nr. 3 gegen Jacobi, der Ṛgv. X 85, 13 verwendete, um das Alter des Veda zu bestimmen
Albrecht Weber	other	Martin Haug	critic of Haug's edition and translation			True	Windisch GSP	Sein eingehendes Studium des Yajurveda befähigte Weber zu der Kritik, die er Haugs Ausgabe und Übersetzung des Aitareya-brâhmaṇa nebst Introduction zuteil werden ließ
Albrecht Weber	other	Otto von Böhtlingk	friend			True	Windisch GSP	Er widmete die 2. Auflage "Böhtlingk und Roth den Freunden bei der Vollendung des Sanskrit-Wörterbuchs".
Albrecht Weber	other	Reinhold Rost	friend			True	Windisch GSP	Nr. 5 Reinhold Rost, gestorben 1896 ... Weber stand mitten drin in einem großen Kreise von wissenschaftlichen Freunden.
Albrecht Weber	other	Rudolf von Roth	friend			True	Windisch GSP	Er widmete die 2. Auflage "Böhtlingk und Roth den Freunden bei der Vollendung des Sanskrit-Wörterbuchs".
Albrecht Weber	other	Theodor Goldstücker	colleague in the Sanskrit-Kränzchen; criticized by Goldstücker; opponent in controversy	1848	1850	True	Windisch GSP	Weber bekämpft (S. 43 ff.) Goldstücker Punkt für Punkt, indem er zu Goldstückers Kenntnis des Mahābhāṣya seine Kenntnis des Yajurveda hinzubrachte. In diesem Streit
Albrecht Weber	other	William Dwight Whitney	friend			True	Windisch GSP	Die ersten Beiträge widmete Weber dem Andenken an W. D. Whitney, gestorben 1894 ... Weber stand mitten drin in einem großen Kreise von wissenschaftlichen Freunden.
Alfred Ludwig	other	Berthold Delbrück	Gegner in sprachwissenschaftlicher Kontroverse			True	Windisch GSP	Unter der Überschrift "Abwehr" veröffentlichte er (S. 82 ff.) eine in Kuhns Zeitschrift nicht zum Abdruck gelangte Erwiderung auf Delbrücks Rezension.
André Lefèvre	other	Angelo De Gubernatis	friend			True	Windisch GSP	Er widmete es seinen Freunden Frédéric Baudry und André Lefèvre.
Angelo De Gubernatis	other	Friedrich Max Müller	scholarly correspondent / provider of archival materials			True	Windisch GSP	Aus Briefen des Marco della Tomba machte ihm A. de Gubernatis Mitteilungen
Anton Schiefner	other	Albrecht Weber	Freund			True	Windisch GSP	Von seinem Freunde Schiefner hatte er schon 1851 Abschriften von sechs kleinen Upanischaden aus der Petersburger Bibliothek erhalten.
August Schleicher	other	Georg Curtius	Kollegen in Prag			True	Windisch GSP	In Prag war er mit G. Curtius zusammen
August Wilhelm von Schlegel	other	Friedrich Schlegel	brother			True	Windisch GSP	Friedrich Schlegels Briefe an seinen Bruder August Wilhelm
Bartholomäus Ziegenbalg	other	August Hermann Francke	recommended by			True	Windisch GSP	war dem König von Dänemark von August Hermann Francke in Halle für die Mission in Tranquebar empfohlen worden
Bernhard Hirzel	other	Hermann Brockhaus	friend			True	Windisch GSP	wozu ihm sein Freund Brockhaus Material verschafft hatte
Berthold Delbrück	other	Otto von Böhtlingk	täglicher persönlicher Verkehr			True	Windisch GSP	Mit Böhtlingk stand er in Jena jahrelang in täglichem persönlichen Verkehr.
Bhimacharya Jhalakikar	other	Franz Kielhorn	commissioned by	1874	1874	True	Winternitz GIL 3	das im Auftrage von G. Bühler und F. Kielhorn von dem Pandit M. Bhīmācārya Jhaḷakīkar im Jahre 1874 zusammengestellt wurde.
Bhimacharya Jhalakikar	other	Georg Bühler	commissioned by	1874	1874	True	Winternitz GIL 3	das im Auftrage von G. Bühler und F. Kielhorn von dem Pandit M. Bhīmācārya Jhaḷakīkar im Jahre 1874 zusammengestellt wurde.
Bruno Liebich	other	Heinrich Wenzel	persönliche Bekanntschaft			True	Windisch GSP	Auf Grund persönlicher Bekanntschaft mit ihm hat Liebich den Artikel in der Allg. Deutschen Biographie... geschrieben.
Charles Rieu	other	Otto von Böhtlingk	friend	1847		True	Windisch GSP	Er ging nach Petersburg, wo er mit Böhtlingk befreundet wurde, 1847
Christian Lassen	other	Albrecht Weber	opponent in a controversy; opponent in scholarly controversy over Christian influence on Krishna worship			True	Windisch GSP	Er hielt die bhakti für eine echt indische Form der Religiosität und bekämpfte A. Webers Ansicht, der in den Avatāras des Viṣṇu und in der göttlichen Verehrung Kṛṣṇas christlichen Einfluß erblickte.
Christian Lassen	other	Anthony Troyer	friend			True	Windisch GSP	Die von Troyer, den Lassen II 59 seinen Freund nennt, und Turnour herausgegebenen Geschichtswerke Indiens sind auch von Lassen benutzt worden
Christian Lassen	other	Eugène Burnouf	friend	1825		True	Windisch GSP	Während seines Aufenthalts in Paris im Jahre 1825 [...] schloß er die Freundschaft mit Eugène Burnouf.
Christian Lassen	other	James Tod	personal acquaintance			True	Windisch GSP	Lassen lernte Tod in London persönlich kennen.
Christian Lassen	other	Stanislas Julien	friend			True	Windisch GSP	briefliche Mitteilungen seines Freundes (II 765) Stanislas Julien vermittelt wurden
Colin Mackenzie	other	Alexander Johnston	in contact with			True	Windisch GSP	Colin Mackenzie, Surveyor-General of India, der zu Sir Alexander Johnston in Beziehungen stand.
Daniel Wright	other	William Wright	brother			True	Windisch GSP	Dr. Daniel Wright, lange Zeit englischer Arzt in Nepāl, Bruder des Arabisten William Wright in Cambridge
Debendranath Tagore	other	Dwarkanath Tagore	Sohn			True	Winternitz GIL 3	Dessen Sohn Devendranāth Tagore (1818—1905) schloß sich dem Brāhma-Samāj an
Dwarkanath Tagore	other	Ram Mohan Roy	Freund und Anhänger			True	Winternitz GIL 3	Ein warmer Freund und Anhänger des edlen Rāmmohun Roy und Förderer seines Werkes war Dwārkanāth Tagore.
Edward Upham	other	Alexander Johnston	commissioned by			True	Windisch GSP	Johnston wurde in London mit Edward Upham bekannt... Upham kam im Jahre 1826... im Auftrage Johnstons zu Burnouf nach Paris
Ernst Curtius	other	Georg Curtius	brother			True	Windisch GSP	Ernst Curtius Erinnerungen an seinen Bruder, die für beide Brüder charakteristisch sind.
Ernst Kuhn	other	Adalbert Kuhn	Sohn; son			True	Windisch GSP	An die Stelle von Adalbert Kuhn ist sein Sohn Ernst Kuhn getreten.
Eugène Burnouf	other	George Turnour	correspondent			True	Windisch GSP	einem alten Sutta des Pālikanons, dem Mahāparinibbānasutta, das Burnouf durch eine Mitteilung Turnours kannte.
Eugène Burnouf	other	Jean-Pierre Abel-Rémusat	friend			True	Windisch GSP	Unter den Pariser Orientalisten war Burnouf befreundet mit den Akademikern Abel Rémusat (1788-1832)
Eugène Burnouf	other	Julius Mohl	friend			True	Windisch GSP	Unter den Pariser Orientalisten war Burnouf befreundet mit den Akademikern Abel Rémusat (1788-1832) und Julius Mohl (1800-1876)
Friedrich Heinrich Hugo Windischmann	other	Karl Joseph Hieronymus Windischmann	Sohn; son			True	Windisch GSP	wegen der Übersetzung von Upaniṣadstellen, die ihm sein des Sanskrit kundiger Sohn Friedrich geliefert hat.
Friedrich Max Müller	other	Adalbert Kuhn	friend			True	Windisch GSP	Bei der Deutung der Mythen und der etymologischen Erklärung der mythologischen Namen stimmte er nicht immer mit seinem "gelehrten Freunde Kuhn" (a. a. O. S. 551) überein.
Friedrich Max Müller	other	Horace Hayman Wilson	dedicated work to			True	Windisch GSP	r erwachsene, Wilson gewidmete Werk "A History of Ancient Sanskrit Literature"
Friedrich Rosen	other	Adolf Friedrich Stenzler	friend			True	Windisch GSP	Besonderen Wert legte er auf die Freundschaft mit Stenzler (geb. 1807), mit dem er in London einige Zeit zusammen war.
Friedrich Rosen	other	Heinrich Leberecht Fleischer	friend			True	Windisch GSP	er war mit Fleischer (geb. 1801) befreundet
Friedrich Rosen	other	Peter von Bohlen	friend			True	Windisch GSP	an seinen Freund v. Bohlen
Friedrich von Adelung	other	Johann Christoph Adelung	nephew			True	Windisch GSP	war er der Neffe von Joh. Christoph Adelung
Frédéric Baudry	other	Angelo De Gubernatis	friend			True	Windisch GSP	Er widmete es seinen Freunden Frédéric Baudry und André Lefèvre.
Georg Bühler	other	Friedrich Max Müller	friend			True	Windisch GSP	sein "gelehrter Freund Professor Bühler"
Georg Curtius	other	Adalbert Kuhn	member of the same Kränzchen			True	Windisch GSP	In Berlin, wo er sich auch 1846 habilitierte, gehörte er zu dem Kränzchen von Weber, A. Kuhn, Aufrecht und Goldstücker
Georg Curtius	other	Albrecht Weber	member of the same Kränzchen			True	Windisch GSP	In Berlin, wo er sich auch 1846 habilitierte, gehörte er zu dem Kränzchen von Weber, A. Kuhn, Aufrecht und Goldstücker
Georg Curtius	other	Theodor Aufrecht	member of the same Kränzchen			True	Windisch GSP	In Berlin, wo er sich auch 1846 habilitierte, gehörte er zu dem Kränzchen von Weber, A. Kuhn, Aufrecht und Goldstücker
Georg Curtius	other	Theodor Goldstücker	member of the same Kränzchen			True	Windisch GSP	In Berlin, wo er sich auch 1846 habilitierte, gehörte er zu dem Kränzchen von Weber, A. Kuhn, Aufrecht und Goldstücker
Heinrich Roth	other	François Bernier	acquaintance			True	Windisch GSP	Wir erfahren von ihm durch seinen Zeitgenossen Bernier, der ihn in Indien kennen lernte.
Hermann Jacobi	other	Albrecht Weber	contributed to Festschrift for	1896	1896	True	Winternitz GIL 1	Jacobi, »Über den Śloka im Mahābhārata« (in »Gurupūjākaumudī, Festgabe zum 50jährigen Doktorjubiläum Albrecht Weber dargebr.«. Leipzig 1896, S. 50 ff.)
Hermann Jacobi	other	Theodor Aufrecht	Freund			True	Windisch GSP	Jacobi hat seinem Freunde, diesem unermüdlichen stillen Arbeiter, dessen Arbeit noch nicht ausgenutzt ist, ein schönes Denkmal gesetzt
Hermann Schlagintweit	other	Emil Schlagintweit	brother			True	Winternitz GIL 3	Hermann Schlagintweit (in dem Buch seines Bruders Emil Schlagintweit, Buddhism in Tibet, Leipzig und London 1863, S. 232 ff.)
Horace Hayman Wilson	other	Vans Kennedy	predecessor			True	Winternitz GIL 1	Einen Vorgänger hatte er an Vans Kennedy, Researches into the Nature and Affinity of Ancient and Hindu Mythology, London 1831.
Jean-Baptiste Tavernier	other	François Bernier	travel companion	1665	1665	True	Windisch GSP	Tavernier unternahm seine Reise von Agra nach Bengalen im Jahre 1665 in Gesellschaft von Bernier
Jean-Louis Burnouf	other	Eugène Burnouf	father			True	Windisch GSP	dem klassischen Philologen J. L. Burnouf, dem Vater E. Burnoufs
Jean-Louis Burnouf	other	Franz Bopp	friend			True	Windisch GSP	er gehörte auch zu den Freunden Bopps in Paris
Johann Gottfried Ludwig Kosegarten	other	Adolf Friedrich Stenzler	friend			True	Windisch GSP	Das ziemlich reiche handschriftliche Material verdankte er zum großen Teil seinen Freunden Tullberg und Stenzler.
Johann Gottfried Ludwig Kosegarten	other	Otto Fredrik Tullberg	friend			True	Windisch GSP	Das ziemlich reiche handschriftliche Material verdankte er zum großen Teil seinen Freunden Tullberg und Stenzler.
Johann Samuel Ith	other	Guillaume-Emmanuel-Joseph Guilhem de Clermont-Lodève, baron de Sainte-Croix	friend			True	Windisch GSP	Wir erfahren von ihm, daß der Baron de Sainte Croix, Mitglied der Académie des Inscriptions et Belles Lettres, mit dem er persönlich befreundet war, der Herausgeber des französischen Ezour-Veda war.
Johannes Gildemeister	other	Albert Hoefer	Polemik/Streitschrift	1840		True	Windisch GSP	Dies trug ihm Gildemeisters Streitschrift ein "Die falsche Sanskritphilologie, an dem Beispiel des Herrn Dr. Hoefer in Berlin aufgezeigt", Bonn 1840
Johannes Gildemeister	other	Niels Ludvig Westergaard	Freund			True	Windisch GSP	Für dieses benutzte er eine Kopenhagener und eine Tübinger Handschrift, erstere von seinem Freunde Westergaard, letztere von Goldstücker abgeschrieben.
Julius Mohl	other	Ferdinand d'Eckstein	acquaintance			True	Windisch GSP	Über den Baron Ferdinand d'Eckstein veröffentlichte J. Mohl, der ihn gut gekannt hatte, eine Notice biographique
Louis Poley	other	Friedrich Rosen	friend			True	Windisch GSP	Poley war mit Rosen befreundet
Monier Monier-Williams	other	Robert Needham Cust	friend			True	Windisch GSP	benutzte M. Williams auch einen Artikel seines Freundes R. N. Cust, of the Bengal Civil Service
Moriz Winternitz	other	Junjiro Takakusu	friend			True	Winternitz GIL 2	Mein Freund Prof. Takakusu, der die Autorschaft des Dichters Aṣvaghoṣa geradezu für ausgeschlossen hält, teilt mir mit
Moriz Winternitz	other	Leopold von Schroeder	dedicated his work to; friend			True	Winternitz GIL 2	mein lieber Freund Leopold von Schroeder, der es vor mehr als dreißig Jahren unternommen hat, eine Geschichte der indischen Litteratur und Kultur zu schreiben
Moriz Winternitz	other	Vijaya Dharma Suri	friend			True	Winternitz GIL 3	In Wehmut gedenke ich auch des stets hilfsbereiten Freundes, des Śāstraviśārada Jainācārya Vijayadharmasūri
Niels Ludvig Westergaard	other	Adolf Friedrich Stenzler	friend			True	Windisch GSP	Er gehört also zur Bonner Schule wie Brockhaus, Stenzler, Böhtlingk, mit denen er nahe befreundet war.
Niels Ludvig Westergaard	other	Hermann Brockhaus	friend			True	Windisch GSP	Er gehört also zur Bonner Schule wie Brockhaus, Stenzler, Böhtlingk, mit denen er nahe befreundet war.
Niels Ludvig Westergaard	other	Otto von Böhtlingk	friend			True	Windisch GSP	Er gehört also zur Bonner Schule wie Brockhaus, Stenzler, Böhtlingk, mit denen er nahe befreundet war.
Otto von Böhtlingk	other	Anton Schiefner	friend			True	Windisch GSP	Im Vorwort des 1. und des 7. Teils dankt Böhtlingk auch seinem Freunde Schiefner, der ihm Beiträge aus der nordbuddhistischen Literatur lieferte.
Otto von Böhtlingk	other	August Leskien	friend	1885		True	Windisch GSP	von 1885 an in Leipzig, wo ihm Leskien und Windisch besonders nahe standen.
Otto von Böhtlingk	other	Berthold Delbrück	friend			True	Windisch GSP	Drei, verschiedenen Generationen angehörende, hervorragende Freunde haben Böhtlingks wissenschaftliche Bedeutung und Persönlichkeit in übereinstimmender Weise charakterisiert: ... B. Delbrück...
Otto von Böhtlingk	other	Ernst Windisch	friend	1885		True	Windisch GSP	von 1885 an in Leipzig, wo ihm Leskien und Windisch besonders nahe standen.
Otto von Böhtlingk	other	Hendrik Kern	friend			True	Windisch GSP	Drei, verschiedenen Generationen angehörende, hervorragende Freunde haben Böhtlingks wissenschaftliche Bedeutung und Persönlichkeit in übereinstimmender Weise charakterisiert: H. Kern...
Otto von Böhtlingk	other	Hermann Brockhaus	friend			True	Windisch GSP	sondern wurde ihm übertragen von seinen Freunden Westergaard und Brockhaus, die beide in London handschriftliches Material zu einer Ausgabe gesammelt hatten.
Otto von Böhtlingk	other	Leopold von Schroeder	friend			True	Windisch GSP	Drei, verschiedenen Generationen angehörende, hervorragende Freunde haben Böhtlingks wissenschaftliche Bedeutung und Persönlichkeit in übereinstimmender Weise charakterisiert: ... L. v. Schroeder...
Otto von Böhtlingk	other	Niels Ludvig Westergaard	friend			True	Windisch GSP	sondern wurde ihm übertragen von seinen Freunden Westergaard und Brockhaus, die beide in London handschriftliches Material zu einer Ausgabe gesammelt hatten.
Otto von Böhtlingk	other	Theodor Goldstücker	opponent in controversy			True	Windisch GSP	Das Vorwort zum 5. Teil enthält eine Antwort auf Angriffe Goldstückers, ohne Namennennung
Pareshnath Sarma Kavibhushana	other	Avinash Chandra Kaviratna	son			True	Winternitz GIL 3	nach dessen Tode (1905) von seinem Sohn Pareshnath Sarma Kavibhushaṇa fortgesetzt
Paul Grimblot	other	Albrecht Weber	persönliche Beziehungen			True	Windisch GSP	Grimblot stand mit A. Weber in persönlichen Beziehungen.
Rabindranath Tagore	other	Debendranath Tagore	Sohn			True	Winternitz GIL 3	Ein Sohn dieses Devendranāth Tagore ist der im Jahre 1861 geborene Rabindranath Tagore
Reinhold Rost	other	Albrecht Weber	friend			True	Windisch GSP	Oft erwähnt Weber seinen Freund Reinhold Rost aus Eisenberg
Richard Pischel	other	Albrecht Weber	opponent in a controversy	1875		True	Windisch GSP; Winternitz GIL 3	Trotzdem brach sehr bald eine starke persönliche Polemik zwischen diesen beiden hervorragenden Gelehrten aus
Richard von Garbe	other	Ernst Windisch	dedicated book to	1914	1914	True	Windisch GSP	Garbe gibt in seinem Windisch gewidmeten Buche "Indien und das Christentum", Tübingen 1914, eine sehr dankenswerte kritische Untersuchung
Rudolf von Roth	other	Horace Hayman Wilson	dedicated work to			True	Windisch GSP	so war ihm doch jedenfalls Roths grundlegende, gleichfalls Wilson gewidmete Schrift vorausgegangen.
Theodor Benfey	other	Moritz Abraham Stern	friend			True	Windisch GSP	seinem Freunde dem Mathematiker M. A. Stern
Theodor Benfey	other	Rudolf von Roth	supported during printing			True	Windisch GSP	Beim Druck in Göttingen unterstützte ihn Benfey.
Theodor Goldstücker	other	Adalbert Kuhn	Sanskritkränzchen			True	Windisch GSP	hielt er sich längere Zeit in Berlin auf, wo er mit Weber und Kuhn ein Sanskritkränzchen hatte
Theodor Goldstücker	other	Albrecht Weber	Sanskritkränzchen			True	Windisch GSP	hielt er sich längere Zeit in Berlin auf, wo er mit Weber und Kuhn ein Sanskritkränzchen hatte
Thomas Seymour Burt	other	J. S. Burt	brother	1834	1834	True	Windisch GSP	von Lieut. T. S. Burt, Engineers", der von seinem Bruder Lieut. Burt unterstützt wurde
Vans Kennedy	other	Henry Thomas Colebrooke	opponent / critic in a treatise on Vedānta			True	Windisch GSP	macht auch auf eine, den Vedānta betreffende, Abhandlung (Transact. RAS. III 412) aufmerksam, die gegen Colebrooke gerichtet ist.
Vans Kennedy	other	Horace Hayman Wilson	opponent in controversy over the age and character of the Purāṇas	1840	1841	True	Windisch GSP	Diese ganze Anschauung Wilsons bekämpfte Vans Kennedy in einer Reihe von Briefen an den Editor des Journal der RAS., die daselbst 1840 und 1841 unter der Überschrift "On Professor Wilson's Theory respecting the Purāṇas" veröffentlicht worden sind
Walter Neisser	other	Friedrich Bollensen	persönliche Bekanntschaft / Verfasser des Nachrufs			True	Windisch GSP	W. Neisser hat ihm auf Grund persönlicher Bekanntschaft in Bezzenbergers Beiträgen XXIV 173-176 einen sympatischen Nachruf gewidmet.
Wilhelm Geiger	other	Rudolf Otto Franke	opponent in a controversy			True	Winternitz GIL 2	W. Geiger, Dīpavaṃsa und Mahāvaṃsa und die geschichtliche Überlieferung in Ceylon, Leipzig 1905 und ZDMG 63, 1909, 540 ff. gegen R. O. Franke
Wilhelm Pertsch	other	Albrecht Weber	friend			True	Windisch GSP	Ein Schüler und Freund Webers war auch der Gothaer Bibliothekar Wilhelm Pertsch
Wilhelm von Humboldt	other	Alexander von Humboldt	brother			True	Windisch GSP	der Bruder Alexander v. Humboldts widme sich jetzt mit dem größten Eifer dem Sanskrit
William Dwight Whitney	other	Friedrich Max Müller	scientific controversy			True	Windisch GSP	Whitney hat M. Müllers Bedeutung immer anerkannt, aber ihn namentlich auf sprachwissenschaftlichem Gebiete persönlich und sachlich scharf angegriffen
William Dwight Whitney	other	Otto von Böhtlingk	opponent in controversy over Panini	1893	1893	True	Windisch GSP	Böhtlingk nahm sich 'als alter Freund und Bewunderer Pāṇini's' in seinem Artikel 'Whitney's letzte Angriffe auf Pāṇini' des letzteren an, in den Berichten der K. Sächs. Gesellsch. d. W. 1893
Émile-Louis Burnouf	other	Eugène Burnouf	nephew			True	Windisch GSP	In einem Briefe an seinen Neffen Émile Burnouf vom 24. Februar 1851
Abel Bergaigne	position_at	École Pratique des Hautes Études	répétiteur			True	Windisch GSP	übersetzt von Bergaigne, répétiteur à l'École des Hautes Études
Abraham Hyacinthe Anquetil-Duperron	position_at	Académie des Inscriptions et Belles-Lettres	Mitglied			True	Windisch GSP	Anquetils Du Perron, Mitglied der Akademie der schönen Wissenschaften zu Paris
Abraham Hyacinthe Anquetil-Duperron	position_at	Paris (unspecified)	Dolmetscher der orientalischen Sprachen	1762		True	Windisch GSP	Im Jahre 1762 nach Paris zurückgekehrt, erhielt er das Amt eines Dolmetschers der orientalischen Sprachen
Abraham Rogerius	position_at	Dutch Reformed Church	Bedienaer des H. Evangelii / Missionar	1630	1647	True	Windisch GSP	der Missionar Abraham Roger, gestorben 1649, der 1630 bis 1647 in Pulicat (Paliacatta) auf der Küste Coromandel und in Batavia tätig war
Abraham Rogerius	position_at	Dutch Reformed Church in Pulicat	Prediger		1651	True	Windisch GSP; Winternitz GIL 1	öftere Erwähnung der Stadt Paliakatta, in der Roger tätig gewesen war
Adalbert Kuhn	position_at	Köllnisches Gymnasium	Direktor			True	Windisch GSP	Direktor des Köllnischen Gymnasiums zu Berlin Adalbert Kuhn, geboren 1812 in Königsberg, gestorben 1881 in Berlin.
Adolf Friedrich Stenzler	position_at	University of Breslau	Rektor	1863	1863	True	Windisch GSP	Im Jahre 1863 hielt Stenzler als Rektor der Universität am Geburtstag des Königs eine Rede
Adolf Holtzmann the Elder	position_at	University of Heidelberg	Professor der deutschen Literatur und des Sanskrit	1852	1870	True	Windisch GSP	gestorben 1870 als Professor der deutschen Literatur und des Sanskrit in Heidelberg... Die Professur in Heidelberg erhielt er 1852.
Adolf Holtzmann the Younger	position_at	University of Freiburg	Professor des Sanskrit		1914	True	Windisch GSP	gestorben als Professor des Sanskrit in Freiburg 1914
Adolphe Regnier	position_at	Collège de France	Professur für éloquence latine			True	Windisch GSP	dessen Nachfolger in der Professur für »éloquence latine« am Collège de France er wurde.
Agathon Benary	position_at	Köllnisches Gymnasium	Professor			True	Windisch GSP	Agathon Benary, Professor am Köllnischen Gymnasium in Berlin
Albert Hoefer	position_at	University of Greifswald	Professor		1883	True	Windisch GSP	geboren 1812 in Greifswald, gestorben 1883 als Professor an der dortigen Universität.
Albrecht Weber	position_at	Prussian Academy of Sciences				True	Windisch GSP	Pischel wurde Webers Nachfolger an der Universität und in der Akademie zu Berlin.
Albrecht Weber	position_at	University of Berlin	Privatdozent; außerordentlicher Professor; ordentlicher Professor der altindischen Sprache und Literatur	1848	1901	True	Windisch GSP	habilitierte sich 1848 an der Universität zu Berlin
Alexander Hamilton	position_at	East India Company College	Professor des Sanskrit und der Hindu-Literatur	1808		True	Windisch GSP	war von 1808 an Professor des Sanskrit und der Hindu-Literatur an dem Haileybury College.
Alexander Johnston	position_at	Council of Ceylon	chief justice and first member of his majesty's council			True	Windisch GSP	Auf Ceylon hatte Sir Alexander Johnston, "chief justice and first member of his majesty's council"
Alexander Johnston	position_at	Supreme Court of Ceylon	Chief Justice			True	Windisch GSP	Sir Alexander Johnston (hier Johnson genannt), Chief Justice on the island of Ceylon
Alexandre Langlois	position_at	Académie des Inscriptions et Belles-Lettres	Mitglied		1854	True	Windisch GSP	gestorben 1854 als Mitglied der Académie des Inscriptions et Belles Lettres
Alfred Ludwig	position_at	University of Prague	außerordentlicher Professor der klassischen Philologie und der Vergleichenden Sprachenkunde; ordentlicher Professor der Vergleichenden Sprachenkunde	1860	1912	True	Windisch GSP	Schon 1860 wurde er als außerordentlicher Professor der klassischen Philologie und der Vergleichenden Sprachenkunde nach Prag berufen
Alfred Ludwig	position_at	University of Vienna	Habilitation für klassische Philologie	1858		True	Windisch GSP	Im Jahre 1858 habilitierte er sich in Wien für klassische Philologie
Andrew Stirling	position_at	Political Department, East India Company		1813	1830	True	Windisch GSP	A. Stirling war geboren um 1793, ging 1813 nach Indien, war im Political Department tätig, und ist gestorben 1830 in Calcutta.
Angelo De Gubernatis	position_at	Asiatic Society of Bengal	Ehrenmitglied			True	Windisch GSP	wohnte dann einer Sitzung der Asiatic Society bei... und zum Ehrenmitglied ernannt wurde.
Angelo De Gubernatis	position_at	Istituto di Studi Superiori di Firenze	Professor des Sanskrit und der Vergleichenden Sprachwissenschaft	1863		True	Windisch GSP	Von 1863 an war er lange Zeit Professor des Sanskrit und der Vergleichenden Sprachwissenschaft am Istituto dei Studi Superiori in Florenz
Angelo De Gubernatis	position_at	University of Rome	Professor des Sanskrit und der italienischen Literatur	1890		True	Windisch GSP	Im Jahre 1890 wurde er nach Rom als Professor des Sanskrit und der italienischen Literatur berufen.
Antoine-Isaac Silvestre de Sacy	position_at	Société Asiatique	Vorsitzender	1822		True	Windisch GSP	am 1. April 1822 unter dem Vorsitz Silvestre de Sacys gegründeten Société Asiatique in Paris
Antoine-Louis Henri de Polier	position_at	East India Company	Colonel			True	Windisch GSP	Schweizers de Polier aus Lausanne, der lange Zeit im Dienste der East India Company gestanden hatte
Antoine-Léonard de Chézy	position_at	Collège de France	Professor der Indischen Sprache; Professor des Sanskrit	1815		True	Windisch GSP; Winternitz GIL 1	Chézy, geboren 1773, gestorben 1832, wurde erst später zum Professor des Sanskrit am Collège de France ernannt und begann seine Vorlesungen im Januar 1815
Anton Boller	position_at	University of Vienna	Dozent, außerordentlicher Professor, ordentlicher Professor	1845	1869	True	Windisch GSP	Sanskrit lehrte er in Wien von 1845 an, 1850 wurde er außerordentlicher, 1855 ordentlicher Professor der vergleichenden Sprachwissenschaft und des Sanskrit.
Anton Eduard Wollheim da Fonseca	position_at	University of Berlin	Privatdozent für orientalische Sprachen	1849		True	Windisch GSP	Seit 1849 einige Jahre Privatdozent für orientalische Sprachen in Berlin
Anton Schiefner	position_at	Saint Petersburg Academy of Sciences	Bibliothekar			True	Windisch GSP	Anton Schiefner, Bibliothekar der Petersburger Akademie
Archibald Edward Gough	position_at	Benares College	Anglo-Sanskrit Professor			True	Windisch GSP	damals Anglo-Sanskrit Professor in the Government College zu Benares war
Arnold Hermann Ludwig Heeren	position_at	University of Göttingen	Professor			True	Windisch GSP	An Herrn Professor Heeren in Göttingen
Arthur Amelung	position_at	University of Dorpat	Privatdozent	1871	1874	True	Windisch GSP	habilitierte sich 1871 in Dorpat und ist bald darauf gestorben, am 6. April 1874.
August Friedrich Pott	position_at	University of Halle	Professor der allgemeinen Sprachwissenschaft	1833		True	Windisch GSP	wurde 1833 Professor der allgemeinen Sprachwissenschaft in Halle
August Friedrich Rudolf Hoernle	position_at	Calcutta Madrasa	Direttore; direttore			True	Windisch GSP	Hoernle, damals "direttore della Madrassa, il Collegio maomettano di Calcutta"
August Leskien	position_at	University of Leipzig	Professor			True	Windisch GSP	Der älteste dieser Grammatiker war Leskien, damals schon Professor in Leipzig, dessen Vorlesungen die anderen hörten.
August Schleicher	position_at	University of Bonn	Habilitation für vergleichende Sprachwissenschaft; Privatdozent	1846		True	Windisch GSP	A. Schleicher, der damals Privatdozent in Bonn war.
August Schleicher	position_at	University of Jena	Lehrmeister; Professor der Sprachwissenschaft und altdeutschen Philologie	1857		True	Windisch GSP	war seit 1857 Professor der Sprachwissenschaft und altdeutschen Philologie in Jena.
August Schleicher	position_at	University of Prague	Professor der Philologie	1850		True	Windisch GSP	kam 1850 als Professor der Philologie nach Prag
August Wilhelm von Schlegel	position_at	University of Bonn	Professor; Professor des Sanskrit	1818		True	Windisch GSP; Winternitz GIL 1	wurde 1818 Professor an der damals neugegründeten rheinischen Universität
Auguste Wagener	position_at	University of Ghent	professeur agrégé			True	Windisch GSP	A. Wagener, professeur agrégé à l'université de Gand
Bartholomäus Ziegenbalg	position_at	Danish-Halle Mission	Missionar			True	Windisch GSP	Bartholomäus Ziegenbalg, geboren 1683 und schon 1719 gestorben, war dem König von Dänemark von August Hermann Francke in Halle für die Mission in Tranquebar empfohlen worden
Bartholomäus Ziegenbalg	position_at	New Jerusalem Church, Tranquebar	Probst			True	Windisch GSP	Bartholomäus Ziegenbalg, weil. Probst an der Jerusalem-Kirche zu Trankebar
Bernhard Hirzel	position_at	University of Zurich	Dozent			True	Windisch GSP	An der neugegründeten Universität Zürich hat er auch Vorlesungen über Sanskrit gehalten.
Berthold Delbrück	position_at	University of Halle		1867		True	Windisch GSP	Nachdem er sich 1867 in Halle habilitiert hatte
Berthold Delbrück	position_at	University of Jena	Ordinariat für Sanskrit und vergleichende Sprachkunde	1870	1913	True	Windisch GSP	folgte er 1870 einem Rufe nach Jena, wo 1873 ein Ordinariat für Sanskrit und vergleichende Sprachkunde für ihn gegründet wurde. Seit 1913 ist er in den Ruhestand getreten.
Brian Houghton Hodgson	position_at	British Residency, Nepal	British Resident in Nepal; Resident; Staatsmann	1821	1843	True	Windisch GSP; Winternitz GIL 2	B. H. Hodgson, Resident in Nepal
Brian Houghton Hodgson	position_at	Court of Nepal	englischer Resident	1821		True	Windisch GSP	Brian Houghton Hodgson, geboren 1800, gestorben 1894, war im Jahre 1821 als englischer Resident nach Kathmandu an den Hof von Nepāl gekommen.
Bālaśāstrī Rānade	position_at	Benares College	Professor			True	Windisch GSP	den beiden Professoren des Benares-College Rājārāmaśāstrin und Bālaśāstrin.
Camillo Kellner	position_at	Zwickau Gymnasium	Gymnasialprofessor			True	Windisch GSP	Hermann Camillo Kellner, geboren 1839, gestorben 1916, war Gymnasialprofessor in Zwickau
Captain Fraser	position_at	British Residency, Pondicherry	British resident			True	Windisch GSP	Captain Fraser, the British resident at Pondicherry
Carl Brockelmann	position_at	University of Königsberg	a. o. Prof.			True	Winternitz GIL 1	Dr. C. Brockelmann, a. o. Prof. a. d. Universität in Königsberg.
Carl Cappeller	position_at	University of Jena	außerordentlicher Professor des Sanskrit	1872		True	Windisch GSP	Im Jahre 1872 habilitierte er sich in Jena, seit 1875 ist er daselbst außerordentlicher Professor des Sanskrit
Carl Friedrich Neumann	position_at	University of Munich	Professor			True	Windisch GSP	Carl Friedrich Neumann [...] In der Folgezeit hat ein anderer Münchener Professor, Ernst Trumpp
Carsten Niebuhr	position_at	Government of Denmark	Ingenieur			True	Windisch GSP	der 1733 geborene, 1815 gestorbene Hannoveraner Carsten Niebuhr, der als Ingenieur in dänische Dienste trat
Charles Masson	position_at	Government of India	political agent; political assignment			True	Windisch GSP	während eines längeren Aufenthalts als politischer Agent im Panjáb und in Kabul
Charles Rieu	position_at	British Museum	Curator of Oriental Mss.	1847		True	Windisch GSP	Hier fand er Anstellung am British Museum, wurde Curator of Oriental Mss.
Charles Rieu	position_at	University of Cambridge	Adams Professor of Arabic			True	Windisch GSP	wurde zuletzt Adams Professor of Arabic in Cambridge.
Charles Wilkins	position_at	East India Company Civil Service	writer			True	Windisch GSP	kam er nach Indien wie Colebrooke "as a writer in the East India Company's Civil Service"
Charles Wilkins	position_at	India Office Library	Librarian			True	Windisch GSP	Hier war er der erste Librarian of the India House Library
Christian Karl Josias von Bunsen	position_at	Kingdom of Prussia	preußischer Gesandter			True	Windisch GSP	Christian Karl Josias Bunsen... war damals preußischer Gesandter in London
Christian Lassen	position_at	University of Bonn	außerordentlicher Professor; ordentlicher Professor der Altindischen Sprache und Literatur	1830	1876	True	Windisch GSP	Im Jahre 1830 wurde er außerordentlicher, 1840 ordentlicher Professor.
Claude Martin Wade	position_at	Government of the United Kingdom	Political Agent			True	Windisch GSP	Captain C. M. Wade, Political Agent at Lúdiana
Claude-Auguste Court	position_at	Court of Ranjit Singh	in Diensten			True	Windisch GSP	Franzosen A. Court, der wie die Generale Ventura und Allard in Diensten des Mahārāja Ranjīt Singh stand
Claude-Auguste Court	position_at	Sikh Khalsa Army	Engineer Officer			True	Windisch GSP	A. Court, "Engineer Officer in the Army of Mahārāja Ranjit Singh"
Colin Mackenzie	position_at	Survey of India	Surveyor-General of India			True	Windisch GSP	Lieut. Col. Colin Mackenzie, Surveyor-General of India
Eduard Buschmann	position_at	Royal Library of Berlin	Custos			True	Windisch GSP	von J. C. Eduard Buschmann, damals Custos bei der Königl. Bibliothek in Berlin, für den Druck zurechtgemacht und herausgegeben worden
Edward Elbridge Salisbury	position_at	Yale University	Professor des Arabischen und des Sanskrit			True	Windisch GSP	am Yale College (jetzt University), wo er in seiner Jugend Edward E. Salisbury, Professor des Arabischen und des Sanskrit, zum Lehrer des Sanskrit gehabt hatte
Edward Rehatsek	position_at	University of Breslau	Professor			True	Windisch GSP	Er hatte seine Professur an der Universität niedergelegt, und lebte in der dürftigsten Weise
Emilio Teza	position_at	University of Padua	Professor der Vergleichenden Sprachwissenschaft und des Sanskrit			True	Windisch GSP	Professor der Vergleichenden Sprachwissenschaft und des Sanskrit an der Universität zu Padua
Ernst Haas	position_at	British Museum		1866		True	Windisch GSP	Im Jahre 1866 wurde er am British Museum angestellt
Ernst Haas	position_at	University College London	Professor des Sanskrit	1875		True	Windisch GSP	erhielt 1875 die Professur des Sanskrit am University College zu London
Ernst Trumpp	position_at	India	Missionar			True	Windisch GSP	der lange als Missionar in Indien tätig gewesen war
Ernst Trumpp	position_at	University of Munich	Professor			True	Windisch GSP	In der Folgezeit hat ein anderer Münchener Professor, Ernst Trumpp, der lange als Missionar in Indien tätig gewesen war
Ernst Windisch	position_at	Royal Saxon Research Institutes, Leipzig	Mitglied der Sanskrit-Abteilung des Indogermanischen Forschungsinstituts			True	Windisch GSP	Königl. Sächsischen Forschungsinstitute zu Leipzig, in denen ich der Sanskrit-Abteilung des Indogermanischen Forschungsinstituts angehöre.
Ernst Windisch	position_at	University of Heidelberg	Ordinariat für Vergleichende Sprachwissenschaft	1872		True	Windisch GSP	Nachdem Windisch 1872 in Heidelberg, 1875 in Straßburg ein Ordinariat für Vergleichende Sprachwissenschaft erhalten hatte
Ernst Windisch	position_at	University of Leipzig	Professor; Professor des Sanskrit; außerordentlicher Professor	1871		True	Windisch GSP	und wurde 1871 außerordentlicher Professor daselbst
Ernst Windisch	position_at	University of Strasbourg	Ordinariat für Vergleichende Sprachwissenschaft	1875		True	Windisch GSP	1875 in Straßburg ein Ordinariat für Vergleichende Sprachwissenschaft erhalten hatte
Eugen Wilhelm	position_at	University of Jena	Professor			True	Windisch GSP	Wilhelm, geboren 1842, Professor am Gymnasium und an der Universität zu Jena
Eugène Burnouf	position_at	Collège de France	Lehrer; Professor	1832		True	Windisch GSP; Winternitz GIL 1	Nach Chézys Tode im Jahre 1832 wurde er dessen Nachfolger am Collège de France.
Eugène Burnouf	position_at	Cour d'appel de Paris	avocat	1824		True	Windisch GSP	Eugène Burnouf avait été inscrit, en novembre 1824, sur le tableau des avocats à la Cour d'appel de Paris
Ferdinand Benary	position_at	University of Berlin	a. o. Professor in der theologischen Fakultät	1831		True	Windisch GSP	Ferdinand Benary, seit 1831 a. o. Professor in der theologischen Fakultät zu Berlin
Ferdinand d'Eckstein	position_at	Société Asiatique	Mitglied		1862	True	Windisch GSP	Er war Mitglied der Société Asiatique und starb in Paris 1862 im 72. Lebensjahre.
Ferdinand de Saussure	position_at	University of Geneva	Professor		1913	True	Windisch GSP	gestorben 1913 als Professor an der dortigen Universität
Ferdinand de Saussure	position_at	École Pratique des Hautes Études	Maître de Conférences			True	Windisch GSP	Ehe de Saussure die Professur in Genf erhielt, war er 24jährig als Maître de Conférences an die École des Hautes Études in Paris berufen worden.
Filipp Fortunatov	position_at	University of Moscow	Gelehrter			True	Windisch GSP	Die kleine aber inhaltsreiche Abhandlung des Moskauer Gelehrten Ph. Fortunatov
Francis Henry Trithen	position_at	British Museum				True	Windisch GSP	und am British Museum angestellt wurde.
Francis Henry Trithen	position_at	Taylor Institution	Professor der modernen Sprachen			True	Windisch GSP	Dort wurde er Professor der modernen Sprachen an der Taylor Institution in Oxford.
Franz Bopp	position_at	Prussian Academy of Sciences	Mitglied	1822	1867	True	Windisch GSP	gestorben 1867 als Mitglied der K. Preußischen Akademie d. W.
Franz Bopp	position_at	University of Berlin	Professor; außerordentlicher Professor, seit 1825 ordentlicher Professor	1821	1867	True	Windisch GSP	und Professor an der Universität in Berlin.
Franz Heinrich Weissbach	position_at	Leipzig University Library	Oberbibliothekar			True	Windisch GSP	Herrn Oberbibliothekar Professor Dr. Weissbach
François Bernier	position_at	Mughal Court	Arzt			True	Windisch GSP	François Bernier hielt sich während der Jahre 1656-1668 in Indien auf und war acht Jahre lang Arzt am Hofe des Großmoguls.
Friedrich Bollensen	position_at	Gatchina Orphanage Institute	Oberlehrer der deutschen Sprache	1834		True	Windisch GSP	Ende 1834 zum Oberlehrer der deutschen Sprache an der Kais. Waisenerziehungsanstalt in Gatschina ernannt.
Friedrich Bollensen	position_at	Main Pedagogical Institute	Adjunkt-Professor	1846	1846	True	Windisch GSP	Auf dem Titelblatt seiner Ausgabe der Urvaśī bezeichnet er sich 1846 als "Adjunkt-Professor am Paedagogischen Haupt-Institute".
Friedrich Bollensen	position_at	University of Kazan	ordentlicher Professor des Sanskrit	1852	1856	True	Windisch GSP	Im Jahre 1852 wurde er als ordentlicher Professor des Sanskrit nach Kasan berufen, kehrte aber 1856 nach Deutschland zurück
Friedrich Bollensen	position_at	University of Saint Petersburg	Adjunktprofessor			True	Windisch GSP	Er war dann längere Zeit Adjunktprofessor an der Petersburger Universität.
Friedrich Haag	position_at	University of Bern	Professor für klassische Philologie (mit Grammatik der klassischen Sprachen)			True	Windisch GSP	kam von hier aus als Professor für klassische Philologie (mit Grammatik der klassischen Sprachen) nach Bern.
Friedrich Haag	position_at	University of Zurich	Privatdozent	1873	1884	True	Windisch GSP	habilitierte sich Haag 1873 in Zürich für Sanskrit, war aber 1873-1878 Lehrer in Rußland und las dann, nach der Schweiz zurückgekehrt, 1878-1884 von Schaffhausen aus in Zürich über slawische Sprachen
Friedrich Heinrich Hugo Windischmann	position_at	Archdiocese of Munich and Freising	Generalvikar des Erzbischofs von München		1861	True	Windisch GSP	gestorben 1861 als Generalvikar des Erzbischofs von München
Friedrich Majer	position_at	University of Jena	Privatdozent			True	Windisch GSP	der Jenaer Privatdozent Friedrich Majer (1772-1818)
Friedrich Max Müller	position_at	University of Oxford	Deputy Professor; Professor der Vergleichenden Sprachwissenschaft; Professor of Modern European Languages and Literature; Professur für Comparative Philology	1851	1900	True	Windisch GSP	ist gestorben 1900 als Professor der Vergleichenden Sprachwissenschaft in Oxford.
Friedrich Rosen	position_at	University College London	Professor des Sanskrit	1827	1837	True	Windisch GSP	gestorben als Professor des Sanskrit an der London University, wozu er schon mit 22 Jahren ernannt worden war
Friedrich Rückert	position_at	University of Berlin	Professor des Arabischen	1841	1849	True	Windisch GSP	Später, von 1841 an, war er neben Bopp Professor des Arabischen in Berlin, bis er 1849 seine Professur niederlegte.
Friedrich Rückert	position_at	University of Erlangen	Professor	1826		True	Windisch GSP	Er war damals schon, seit 1826, Professor in Erlangen, wo er auch Sanskrit las.
Félix Nève	position_at	University of Leuven	Professor	1841		True	Windisch GSP	Seit 1841 Professor an der katholischen Universität zu Louvain war er anfangs mit den "cours d'histoire de la littérature ancienne et des langues orientales", später mit dem "cours d'histoire de la philosophie ancienne" betraut
Gaspare Gorresio	position_at	Royal Library of Turin	Bibliothekar			True	Windisch GSP	zuletzt Bibliothekar an der Königl. Bibliothek zu Turin
Gaspare Gorresio	position_at	University of Turin	Professor des Sanskrit			True	Windisch GSP	Professor des Sanskrit an der Universität
Georg Bühler	position_at	University of Bombay	Professor			True	Windisch GSP	Aber schon II 691 ff. schreibt er als Professor in Bombay über eine Handschrift der Grammatik des Śākaṭāyana
Georg Curtius	position_at	University of Leipzig	Professor der klassischen Philologie		1885	True	Windisch GSP	G. Curtius in Leipzig ... G. Curtius, der Professor der klassischen Philologie war
George Thibaut	position_at	Queen's College, Benares	Direktor			True	Windisch GSP	seines Besuches in Queen's College. [...] seine Charakteristik von Thibaut, dem damaligen Direktor des College
George Turnour	position_at	Ceylon Civil Service	Member of the Supreme Council	1818		True	Windisch GSP	George Turnour, of the Ceylon Civil Service, geboren 1799, gestorben 1843, nach Ceylon gekommen 1818
Giacomo Lignana	position_at	University of Naples	Professor di lingue e letterature comparate	1860	1870	True	Windisch GSP	wurde 1860 Professor di lingue e letterature comparate an der Universität zu Neapel. [...] Als Lignana 1870 nach Rom übersiedelte
Giovanni Flechia	position_at	University of Turin	Professor des Sanskrit / Vergleichende Sprachwissenschaft	1856		True	Windisch GSP	Er erhielt 1856 eine Professur des Sanskrit in Turin, die später, dem Geiste der Zeit entsprechend, in eine Professur für vergleichende Sprachwissenschaft umgewandelt wurde.
Giuseppe Bardelli	position_at	University of Pisa	Dozent für Koptisch und Sanskrit			True	Windisch GSP	zuletzt an der Universität zu Pisa, neben dem Koptischen das Sanskrit lehrte
Gottlieb Siegfried Bayer	position_at	Königsberg Cathedral School		1720		True	Windisch GSP	Schon 1720 wurde er an der Kathedralschule zu Königsberg angestellt
Gottlieb Siegfried Bayer	position_at	Saint Petersburg Academy of Sciences	für griechische und römische Altertümer sowie für orientalische Sprachen	1726	1738	True	Windisch GSP	folgte aber wenige Jahre darauf einem Rufe an die 1724 von Peter dem Großen gegründete Akademie der Wissenschaften zu St. Petersburg... wo wir ihn schon 1726 in Tätigkeit finden.
Graziadio Isaia Ascoli	position_at	Accademia Scientifico-Letteraria di Milano	Professor	1860	1907	True	Windisch GSP	Um 1860 wurde ihm eine Professur an der Accademia scientifico-letteraria zu Mailand angetragen, deren Zierde er bis an sein Lebensende geblieben ist.
Guillaume Le Gentil de La Galaisière	position_at	Government of France	ministerii Gallici nomine residentis	1775		True	Windisch GSP	Le Gentil, "tunc apud Nabab Soudjaëddaulah, in urbe Faisabad, ministerii Gallici nomine residentis"
Guillaume-Emmanuel-Joseph Guilhem de Clermont-Lodève, baron de Sainte-Croix	position_at	Académie des Inscriptions et Belles-Lettres	Mitglied			True	Windisch GSP	Baron de Sainte Croix, Mitglied der Académie des Inscriptions et Belles Lettres
Heinrich Ewald	position_at	University of Göttingen	Professor			True	Windisch GSP	geboren 1803 zu Göttingen, wo er auch als Professor seine Haupttätigkeit entfaltet hat
Heinrich Ewald	position_at	University of Tübingen	Orientalist in der philosophischen Fakultät			True	Windisch GSP	Ewald hatte nach Verlust seiner Göttinger Professur in Tübingen ein Unterkommen gefunden, zunächst als Orientalist in der philosophischen Fakultät.
Heinrich Uhle	position_at	Kreuzschule Dresden	Professor			True	Windisch GSP	Heinrich Uhle, geboren 1842, Professor an der Kreuzschule in Dresden
Heinrich Wenzel	position_at	University of Leipzig	Habilitation	1886		True	Windisch GSP	Er habilitierte sich in Leipzig mit der Schrift "Suḥṛillekha. Brief des Nāgārjuna an König Udayana. Aus dem Tibetischen übersetzt von Heinrich Wenzel", Leipzig 1886.
Heinrich Zimmer	position_at	University of Berlin	Professor der Keltologie		1910	True	Windisch GSP	gestorben 1910 als Professor der Keltologie zu Berlin
Hendrik van Rheede	position_at	Dutch Malabar	Dutch Governor of Malabar	1676		True	Windisch GSP	Henry Van Rheede, the Dutch Governor of Malabar, had made a large collection of Indian plants
Henry Pitts Forster	position_at	Bengal Civil Service				True	Windisch GSP	Henry Pitts Forster, geboren um 1766, gestorben 1815, gehörte dem Bengal Civil Service an
Henry Pitts Forster	position_at	Calcutta Mint	Master of the Calcutta Mint			True	Windisch GSP	zuletzt als Master of the Calcutta Mint
Henry Thomas Colebrooke	position_at	Asiatic Society of Bengal	Mitglied			True	Windisch GSP	Der Asiatischen Gesellschaft von Bengalen, unter deren Mitgliedern Sir William Jones, Henry Thomas Colebrooke, Horace Hayman Wilson, James Prinsep
Henry Thomas Colebrooke	position_at	Bengal Civil Service	Beamter; writership, anfangs Verwaltungsbeamter, dann Richter	1782		True	Windisch GSP; Winternitz GIL 1	Schon im Jahre 1782 ging er nach Indien und begann seine Laufbahn dort mit einer writership im Civil Service of Bengal. Er war in Tirhoot, Purneah, Mirzapore tätig, anfangs als Verwaltungsbeamter, dann als Richter.
Henry Thomas Colebrooke	position_at	Council of India	Mitglied	1807		True	Windisch GSP	im Jahre 1807 unter Lord Minto Mitglied des Council.
Henry Thomas Colebrooke	position_at	East India Company Civil Service	writer			True	Windisch GSP	kam er nach Indien wie Colebrooke "as a writer in the East India Company's Civil Service"
Henry Thomas Colebrooke	position_at	Fort William College	Professor des Sanskrit	1801		True	Windisch GSP	Im Jahr 1801 wurde er [...] Professor des Sanskrit am College of Fort William
Henry Thomas Colebrooke	position_at	Sadar Diwani Adalat	Mitglied	1801		True	Windisch GSP	Im Jahr 1801 wurde er Mitglied des Superior Court of Appeal in Calcutta
Hermann Brockhaus	position_at	University of Leipzig	Professor der Ostasiatischen Sprachen; Rektor	1872	1877	True	Windisch GSP	gestorben 1877 als Professor der Ostasiatischen Sprachen in Leipzig.
Hermann Brunnhofer	position_at	Goldingen Gymnasium	Lehrer	1889		True	Windisch GSP	Brunnhofer war damals Lehrer am Gymnasium in Goldingen in Kurland.
Hermann Brunnhofer	position_at	University of Bern	Titularprofessor (zuvor Habilitation, Lehrauftrag für historische Topographie)	1901	1914	True	Windisch GSP	Habilitiert hat er sich erst 1901 in Bern, bezeichnenderweise für Urgeschichte und historische Geographie des Orients. [...] Zum Titularprofessor ernannt, verließ er Bern 1914
Hermann Brunnhofer	position_at	University of Oxford	wissenschaftlicher Hilfsarbeiter	1866		True	Windisch GSP	wo er zuerst als Nachfolger des nach Indien berufenen Kielhorn wissenschaftlicher Hilfsarbeiter bei Monier Williams in Oxford war.
Hermann Grassmann	position_at	Marienstiftsgymnasium Stettin	Professor		1877	True	Windisch GSP	geboren 1809, gestorben 1877 als Professor am Marienstifts-Gymnasium zu Stettin.
Horace Hayman Wilson	position_at	Asiatic Society of Bengal	Mitglied; Secretary	1811	1833	True	Windisch GSP	war von 1811 an Secretary der Asiatic Society of Bengal, und blieb beides, bis er 1833 nach England zurückkehrte.
Horace Hayman Wilson	position_at	Calcutta Mint	Assay Master	1816	1833	True	Windisch GSP	Im Jahre 1816 wurde er Assay Master der Münze zu Calcutta ... und blieb beides, bis er 1833 nach England zurückkehrte.
Horace Hayman Wilson	position_at	East India Company	Medical Service	1808		True	Windisch GSP	Horace Hayman Wilson, geb. 1784, kam 1808 nach Indien im "Medical Service" der East India Company.
Ishwar Chandra Vidyasagar	position_at	Sanskrit College	Direttore			True	Windisch GSP	Paṇḍit Īśvara Candra Vidyāsāgara, der vor diesem "Direttore del Collegio Sanscrito" gewesen war
Ivan Pavlovich Minaev	position_at	University of Saint Petersburg	Professor			True	Windisch GSP	den Päliforscher Minayeff aus Moskau, Professor in Petersburg
J. S. Burt	position_at	Bengal Engineers	Captain			True	Windisch GSP	Captain J. S. Burt, Bengal Engineers
James Prinsep	position_at	Asiatic Society of Bengal	Mitglied; Secretary; Secretary and Editor of the Society's Journal	1832	1838	True	Windisch GSP	Auch war er einer der Secretaries der Asiatic Society, zuerst 1832 noch neben Wilson, bis er im November 1838 aus Gesundheitsrücksichten Indien verlassen mußte
James Prinsep	position_at	Benares Mint	Assay Master		1833	True	Windisch GSP	Nachdem Prinsep einige Jahre Assay Master in Benares gewesen war
James Prinsep	position_at	Calcutta Mint	Assistant to the Assay Master	1819		True	Windisch GSP	kam 1819 nach Indien als "Assistant to the Assay Master of the Calcutta Mint".
James Rennell	position_at	Bengal Engineers		1764		True	Windisch GSP	fand 1764 Anstellung bei den Bengal Engineers
James Rennell	position_at	Government of Bengal	Surveyor General			True	Windisch GSP	und hat dann als Surveyor General in Bengalen die ersten grundlegenden Vermessungen ausgeführt.
James Robert Ballantyne	position_at	Benares College	Principal			True	Windisch GSP	Griffith war Ballantynes Nachfolger als Principal of the Benares College
James Robert Ballantyne	position_at	Benares Sanskrit College	Principal			True	Windisch GSP	Ballantyne, damals noch Principal der Sanskrit College zu Benares
James Talboys Wheeler	position_at	Foreign Department, Government of India	Assistant Secretary			True	Windisch GSP	J. Talboys Wheeler, Assistant Secretary to the Government of India in the Foreign Department
James Tod	position_at	Royal Asiatic Society	Librarian			True	Windisch GSP	Lt. Colonel James Tod, geboren 1782, gestorben 1835, war zuletzt Librarian der R. Asiatic Society in London
Jarl Charpentier	position_at	University of Uppsala				True	Windisch GSP	Über den Suparṇādhyāya ist eine umfangreiche Abhandlung von Charpentier in Upsala zu erwarten
Jean-Baptiste Ventura	position_at	Court of Ranjit Singh	General			True	Windisch GSP	wie die Generale Ventura und Allard in Diensten des Mahārāja Ranjīt Singh stand
Jean-Baptiste Ventura	position_at	Sikh Khalsa Army	General			True	Windisch GSP	General Ventura, einer der französischen Offiziere, die im Dienste des Mahārājā Ranjit Sing (Raṇajit Siṃha) die Streitkräfte der Sikhs befehligten
Jean-François Allard	position_at	Court of Ranjit Singh	General			True	Windisch GSP	wie die Generale Ventura und Allard in Diensten des Mahārāja Ranjīt Singh stand
Jean-Louis Burnouf	position_at	Collège Louis-le-Grand				True	Windisch GSP	Auch am Collège de Louis le Grand war er tätig.
Jean-Louis Burnouf	position_at	Collège de France	Lehrstuhl der lateinischen Beredtsamkeit	1817		True	Windisch GSP	Im Jahre 1817 erhielt er den Lehrstuhl der lateinischen Beredtsamkeit am Collège de France.
Jean-Pierre Abel-Rémusat	position_at	Collège de France	Professor des Chinesischen			True	Windisch GSP	der erstere Professor des Chinesischen am Collège de France
Johann Ernst Hanxleden	position_at	Malabar Jesuit Mission	Jesuit / Missionar; Missionar	1699	1732	True	Windisch GSP; Winternitz GIL 1	den deutschen Jesuiten Johannes Ernst Hanxleden, der 1699 bis 1732 (in diesem Jahre gestorben) in der malabarischen Mission arbeitete
Johann Gottfried Ludwig Kosegarten	position_at	University of Greifswald	Professor; Professor der Theologie und der Orientalischen Sprachen		1850	True	Windisch GSP	seinem Greifswalder Kollegen J. G. L. Kosegarten, Professor der Theologie und der Orientalischen Sprachen
Johann III Bernoulli	position_at	Prussian Academy of Sciences	Mitglied			True	Windisch GSP	von dem Astronomen Johann Bernoulli, Mitglied der Akademie d. W. zu Berlin, veröffentlicht
Johann Samuel Ith	position_at	University of Bern	Professor der Philosophie und Oberbibliothekar			True	Windisch GSP	Johannes Samuel Ith, geboren 1747, gestorben 1813, Professor der Philosophie und Oberbibliothekar in Bern
Johannes Gildemeister	position_at	University of Bonn	Professor			True	Windisch GSP	Er wurde Professor in Marburg, hier in der theologischen Fakultät, und dann in Bonn, wo er seine akademische Laufbahn auch begonnen hatte.
Johannes Gildemeister	position_at	University of Marburg	Professor in der theologischen Fakultät			True	Windisch GSP	Er wurde Professor in Marburg, hier in der theologischen Fakultät, und dann in Bonn, wo er seine akademische Laufbahn auch begonnen hatte.
Johannes Schmidt	position_at	University of Berlin	Professor			False	Windisch GSP	Wilhelm Schulze, der Nachfolger Joh. Schmidts in der Berliner Professur
John Haeberlin	position_at	Church of England	Missionar und Presbyter			True	Windisch GSP	von dem Missionar und Presbyter der anglikanischen Kirche Dr. J. Häberlin, einem geborenen Tuttlinger
John Muir	position_at	Bengal Civil Service		1828	1853	True	Windisch GSP	Er trat 1828 in den Bengal Civil Service ein und war lange Jahre in Indien tätig, bis er 1853 nach England zurückkehrte.
John Pickford	position_at	University of Madras	Professor			True	Windisch GSP	John Pickford, eine Zeitlang Professor in Madras
John Shore, 1st Baron Teignmouth	position_at	Asiatic Society of Bengal	President			True	Windisch GSP	sein Nachfolger als President der Asiatic So- ciety, Sir John Shore
John Stevenson	position_at	Bombay Branch of the Royal Asiatic Society	Vice-President			True	Windisch GSP	des Rev. J. Stevenson, Vice-President der RAS. in Bombay
John Wilson	position_at	Literary Society of Bombay	President			True	Windisch GSP	Rev. Dr. J. Wilson, "president of the Bombay Literary Society"
Joseph Héliodore Garcin de Tassy	position_at	École des Langues Orientales Vivantes	Professor für Hindustānī			True	Windisch GSP	Von Garcin de Tassy, geboren in Marseille 1794, der an der École des Langues orientales vivantes eine Professur für Hindustānī inne hatte
Joseph Toussaint Reinaud	position_at	Bibliothèque Nationale de France	Conservator der orientalischen Handschriften	1854		True	Windisch GSP	und 1854 Conservator der orientalischen Handschriften der Kaiserl. Bibliothek.
Joseph Toussaint Reinaud	position_at	École des Langues Orientales Vivantes	Professor des Arabischen	1838		True	Windisch GSP	wurde 1838 de Sacys Nachfolger als Professor des Arabischen an der École des Langues orientales vivantes
Jules Barthélemy-Saint-Hilaire	position_at	Académie des Sciences Morales et Politiques	Mitglied			True	Windisch GSP	Mitglied der Académie des Sciences morales et politiques
Jules Barthélemy-Saint-Hilaire	position_at	Collège de France	Professor des Griechischen			True	Windisch GSP	Jules Barthélemy Saint-Hilaire, Professor des Griechischen am Collège de France
Julius Eggeling	position_at	Royal Asiatic Society	Secretary und Librarian	1869	1875	True	Windisch GSP	Von 1869 bis 1875 war er Secretary und Librarian der Royal Asiatic Society
Julius Eggeling	position_at	University College London	Professor des Sanskrit	1872	1875	True	Windisch GSP	von 1872 bis 1875 auch Professor des Sanskrit am University College zu London.
Julius Eggeling	position_at	University of Edinburgh	Professur für Sanskrit und Comparative Philology	1875	1914	True	Windisch GSP	wurde er dessen Nachfolger in der Professur für Sanskrit und Comparative Philology zu Edinburgh. Er legte diese 1914 bei Ausbruch des großen Krieges nieder
Julius Grill	position_at	Deanery of Calw	Dekan			True	Windisch GSP	Dekan in Calw
Julius Grill	position_at	Maulbronn Seminary	Professor			True	Windisch GSP	Professor am Seminar in Maulbronn
Julius Grill	position_at	University of Tübingen	Professor der alttestamentlichen Exegese; Repetent	1888		True	Windisch GSP	war Repetent in Tübingen
Julius Mohl	position_at	Collège de France	Professor des Persischen			True	Windisch GSP	Julius Mohl (1800-1876), der letztere Professor des Persischen, der erstere Professor des Chinesischen am Collège de France
Junjiro Takakusu	position_at	University of Tokyo	Professor			True	Winternitz GIL 2	Professor Jyun Takakusu in Tokio
Karl Boysen	position_at	Leipzig University Library	Direktor			True	Windisch GSP	Direktor unserer Universitäts-Bibliothek, Herrn Geheimen Hofrat Dr. Boysen
Karl Budde	position_at	University of Marburg	o. Professor			True	Winternitz GIL 1	Dr. Karl Budde, o. Professor a. d. Universität in Marburg.
Karl Florenz	position_at	University of Tokyo	Prof.			True	Winternitz GIL 1	Dr. K. Florenz, Prof. a. d. Universität in Tokyo.
Karl Joseph Hieronymus Windischmann	position_at	University of Bonn		1818		True	Windisch GSP	Windischmann wurde 1818 nach Bonn berufen.
Karl Ritter	position_at	University of Berlin	Professor			True	Windisch GSP	des Berliner Professors Karl Ritter
Leopold von Schroeder	position_at	Austrian Academy of Sciences	wirkliches Mitglied			True	Winternitz GIL 1	wirklichem Mitglied der kaiserl. Akademie der Wissenschaften in Wien
Leopold von Schroeder	position_at	University of Vienna	Prof.; Professor			True	Winternitz GIL 1; Winternitz GIL 2	Dr. Leopold von Schroeder, Professor an der Wiener Universität
Louis de La Vallée Poussin	position_at	University of Brussels	Professor			True	Winternitz GIL 2	Professor Louis de La Vallée Poussin in Brüssel
Louis-Mathieu Langlès	position_at	Bibliothèque Nationale de France	Conservator der orientalischen Manuskripte			True	Windisch GSP	Conservator der orientalischen Manuskripte der Kaiserlichen Bibliothek war Louis Mathieu Langlès
Marco della Tomba	position_at	Tibet-Hindustan Mission	Missionar	1757	1773	True	Windisch GSP	Marco hielt sich in den Jahren 1757-1773 in Nordindien auf und gehörte der "Missione del Thibet" an
Mathurin Veyssière de La Croze	position_at	Royal Library of Berlin	Bibliothécaire & Antiquaire			True	Windisch GSP	M. V. La Croze, Bibliothécaire & Antiquaire du Roi de Prusse
Mathurin Veyssière de La Croze	position_at	University of Berlin	Bibliothekar	1697		True	Windisch GSP	trat in Basel zur reformierten Kirche über und wurde 1697 Bibliothekar zu Berlin
Michel Bréal	position_at	Collège de France	Professor			True	Windisch GSP	Er ist noch jetzt Professor am Collège de France.
Michel Bréal	position_at	École Pratique des Hautes Études	Direktor			True	Windisch GSP	An der École des Hautes Études, zu deren Direktoren er gehörte
Monier Monier-Williams	position_at	Cheltenham College	teacher of oriental languages			True	Windisch GSP	lehrte er zehn Jahre lang orientalische Sprachen in Cheltenham, bis seine Wahl zum Professor in Oxford erfolgte.
Monier Monier-Williams	position_at	East India Company College	Professor of Sanskrit, Persian und Hindustani			True	Windisch GSP	seine erste Anstellung war die als Professor of Sanskrit, Persian und Hindustani in Haileybury.
Monier Monier-Williams	position_at	University of Oxford	Boden Professor of Sanskrit	1860		True	Windisch GSP	Der Nachfolger Wilsons als Boden Professor of Sanskrit an der Universität Oxford wurde im Jahre 1860 Monier Williams
Moriz Winternitz	position_at	University of Prague	a. ö. Professor; o. Professor; ord. Professor			True	Winternitz GIL 1; Winternitz GIL 2; Winternitz GIL 3	Dr. M. Winternitz, a. ö. Professor an der deutschen Universität in Prag.
Nathaniel Brassey Halhed	position_at	East India Company	Beamter			True	Windisch GSP	Nathaniel Brassey Halhed, einem Beamten der East India Company, geboren 1751, gestorben 1830
Niels Ludvig Westergaard	position_at	University of Copenhagen	Professor für Indisch-orientalische Philologie	1845		True	Windisch GSP	Niels Ludvig Westergaard, geboren 1815, gestorben 1878, erhielt 1845 eine Professur für Indisch-orientalische Philologie in Kopenhagen
Othmar Frank	position_at	University of Bamberg	Professor der Philosophie			True	Windisch GSP	tritt uns in seinen Schriften zuerst als Professor der Philosophie in Bamberg entgegen
Othmar Frank	position_at	University of Munich	Professor	1826		True	Windisch GSP	von 1826 an in München an der dortigen neugegründeten Universität.
Othmar Frank	position_at	University of Würzburg	Professor Philosophiae ac Philologiae Orientalis, Indicae inprimis ac Persicae			True	Windisch GSP	war dann Professor Philosophiae ac Philologiae Orientalis, Indicae inprimis ac Persicae, in Würzburg
Otto von Böhtlingk	position_at	Saint Petersburg Academy of Sciences	Mitglied, zuletzt Ehrenmitglied	1842		True	Windisch GSP	war seit 1842 Mitglied, zuletzt Ehrenmitglied der K. Akademie der Wissenschaften zu St. Petersburg.
Paul Grimblot	position_at	French Vice-Consulate in Colombo		1861		True	Windisch GSP	befindet sich ein Brief von Paul Grimblot vom Jahre 1861 aus dem Vice-Consulat de France zu Colombo
Paul Grimblot	position_at	Government of France	Consul de France à Ceylan et en Birmanie			True	Windisch GSP	P. Grimblot, Ancien Consul de France à Ceylan et en Birmanie
Paul Horn	position_at	University of Strasbourg	a. o. Prof.			True	Winternitz GIL 1	Dr. Paul Horn, a. o. Prof. a. d. Universität in Straßburg.
Paulinus a Sancto Bartholomaeo	position_at	Malabar Mission	Missionar	1776	1789	True	Winternitz GIL 1	Er war von 1776—1789 Missionar an der Küste von Malabar und starb im Jahre 1805 in Rom.
Peter von Bohlen	position_at	University of Königsberg	außerordentlicher Professor	1826	1828	True	Windisch GSP	wurde er doch schon 1826 außerordentlicher und 1828 ordentlicher Professor in Königsberg
Pierre Sonnerat	position_at	Académie des Sciences	Correspondent			True	Windisch GSP	der französische Naturforscher Pierre Sonnerat, geboren 1749, gestorben 1814, Correspondent de l'Académie des Sciences.
Premachandra Tarkabagisha	position_at	Sanskrit College	Professor der Rhetorik	1863		True	Windisch GSP	Premachandra Tarkabāgīśa, Professor der Rhetorik am Sanskrit College zu Calcutta
Raghumaṇi Bhaṭṭācārya	position_at	Fort William College	Leitung der Pandits	1800	1809	True	Windisch GSP	Den Inhalt der Koṣas hatten im Jahre 1800 Pandits unter Leitung des Raghumaṇi Bhaṭṭācārya für das College of Fort William in Calcutta zu einem Wörterbuche zu verarbeiten begonnen, das 1809 fertig wurde.
Rajaram Shastri	position_at	Benares College	Professor			True	Windisch GSP	den beiden Professoren des Benares-College Rājārāmaśāstrin und Bālaśāstrin.
Ralph T. H. Griffith	position_at	Benares College	Principal			True	Windisch GSP	Griffith war Ballantynes Nachfolger als Principal of the Benares College
Reinhold Rost	position_at	India Office Library	Oberbibliothekar	1869		True	Windisch GSP	Denn 1869 erhielt er seine Ernennung zum Oberbibliothekar der India Office Library.
Reinhold Rost	position_at	Royal Asiatic Society	Sekretär	1863		True	Windisch GSP	Im Jahre 1863 wurde er zum Sekretär der Royal Asiatic Society gewählt
Reinhold Rost	position_at	St Augustine's Missionary College	Lehrer der orientalischen Sprachen	1853		True	Windisch GSP	Seine Anstellung als Lehrer der orientalischen Sprachen 1853 an der Missionsanstalt St. Augustin zu Canterbury, die er bis ans Ende seines Lebens beibehielt
Richard Fritzsche	position_at	Schneeberg Gymnasium	Rektor			True	Windisch GSP	Richard Fritzsche, geboren 1851, Rektor des Gymnasiums in Schneeberg
Richard Pischel	position_at	Prussian Academy of Sciences				True	Windisch GSP	Pischel wurde Webers Nachfolger an der Universität und in der Akademie zu Berlin.
Richard Pischel	position_at	University of Berlin				True	Windisch GSP	Pischel wurde Webers Nachfolger an der Universität und in der Akademie zu Berlin.
Richard Pischel	position_at	University of Halle	Rektor	1900		True	Windisch GSP; Winternitz GIL 3	zunächst seine Hallesche Rektorrede "Die Heimat des Puppenspiels", Halle 1900.
Robert Chambers	position_at	Supreme Court of Judicature at Fort William	Chief Justice			True	Windisch GSP	Sir Robert Chambers, Chief Justice des Supreme Court at Fort William
Robert Lenz	position_at	University of Saint Petersburg	Professor des Sanskrit		1836	True	Windisch GSP	gestorben 1836, als Professor des Sanskrit in St. Petersburg.
Robert Needham Cust	position_at	Bengal Civil Service				True	Windisch GSP	R. N. Cust, of the Bengal Civil Service
Rudolf Thomas Siegfried	position_at	University of Dublin	Professor des Sanskrit			True	Windisch GSP	Siegfried (Professor des Sanskrit in Dublin)
Rudolf von Roth	position_at	University of Tübingen	Professor; akademischer Lehrer		1895	True	Windisch GSP	Rudolf Roth, geboren 1821 in Stuttgart, gestorben 1895 als Professor in Tübingen
Rāma Govinda	position_at	Asiatic Society of Bengal	the Society's pandit			True	Windisch GSP	Text und Übersetzung hat Ráma Govinda, "the Society's pandit" hergestellt.
Salomon Lefmann	position_at	University of Heidelberg	Extraordinariat für Sanskrit			True	Windisch GSP	Daneben hatte S. Lefmann ein Extraordinariat für Sanskrit.
Stanislao Gatti	position_at	University of Naples				True	Windisch GSP	Dort war schon vor ihm der Neapolitaner Stanislas Gatti, Übersetzer des Nala und der Bhagavadgītā, tätig gewesen.
Theodor Aufrecht	position_at	University of Berlin	Privatdozent	1850		True	Windisch GSP	als Privatdozent daselbst (1850) las er über Altnordisch, Altsächsisch und Angelsächsisch
Theodor Aufrecht	position_at	University of Bonn	Professor	1875	1889	True	Windisch GSP	ging aber 1875 als Lassens Nachfolger nach Bonn. Nachdem er sich 1889 hatte pensionieren lassen
Theodor Aufrecht	position_at	University of Edinburgh	Professor des Sanskrit	1862		True	Windisch GSP	Im Jahre 1862 wurde er Professor des Sanskrit in Edinburgh
Theodor Benfey	position_at	University of Göttingen	Lehrmeister; Ordinarius; Professor; habilitiert für occidentalische Philologie	1834	1881	True	Windisch GSP	Er erhielt für sein griechisches Wurzelwörterbuch den Prix Volney und glaubte dieser Auszeichnung seine Professur in Göttingen zu verdanken
Theodor Goldstücker	position_at	University College London	Professor des Sanskrit		1872	True	Windisch GSP	wo er 1872 gestorben ist, als Professor des Sanskrit an der London University
Thomas Hyde	position_at	University of Oxford	Orientalist			False	Windisch GSP	der 1694 veröffentlichten Historia Shahiludii des Oxforder Orientalisten Thomas Hyde
Théodore Pavie	position_at	Collège de France	Professur des Sanskrit	1852	1857	True	Windisch GSP	Im Jahre 1852 war er Burnoufs Nachfolger am Collège de France geworden, gab aber diese Professur des Sanskrit 1857 auf
Walter Elliot	position_at	Government of Madras	Private Secretary zu Lord Elphinstone	1837	1842	True	Windisch GSP	Er wurde Private Secretary zu Lord Elphinstone in Madras 1837–42, später Member of Council, Madras.
Warren Hastings	position_at	Government of Bengal	Generalgouverneur von Bengalen	1773		True	Winternitz GIL 1	Und als Warren Hastings im Jahre 1773 zum Generalgouverneur von Bengalen ernannt und mit den höchsten Gewalten über sämtliche englische Besitzungen in Indien betraut worden war
Wilhelm Grube	position_at	University of Berlin	a. o. Prof.			True	Winternitz GIL 1	Dr. Wilh. Grube, a. o. Prof. a. d. Universität in Berlin.
Wilhelm Schulze	position_at	University of Berlin	Professor			False	Windisch GSP	Wilhelm Schulze, der Nachfolger Joh. Schmidts in der Berliner Professur
Wilhelm von Humboldt	position_at	Kingdom of Prussia	Minister			True	Windisch GSP	Die Sanskritstudien hatten in Preußen in dem Minister Wilhelm v. Humboldt einen einflußreichen Gönner und Freund.
William Carey	position_at	Fort William College	teacher of the Sangskreet, Bengalee and Mahratta Languages			True	Windisch GSP	teacher of the Sangskreet, Bengalee and Mahratta Languages in the College of Fort William
William Dwight Whitney	position_at	Yale University	Professor des Sanskrit		1894	True	Windisch GSP	ist gestorben 1894 als Professor des Sanskrit am Yale College (jetzt University)
William Henry Wathen	position_at	Government of Bombay	Persian Secretary			True	Windisch GSP	W. H. Wathen, Persian Secretary to the Bombay Government
William Hodge Mill	position_at	Bishop's College, Calcutta	Vorsteher			True	Windisch GSP	Dr. W. H. Mill, vormals Vorsteher des Bishop College in Calcutta
William Jones	position_at	Asiatic Society of Bengal	Mitglied; President	1784	1794	True	Windisch GSP	Asiatick Society in Calcutta, deren President er bis an sein Lebensende war
William Jones	position_at	Supreme Court of Judicature at Fort William	Oberrichter; Puisne Judge	1783		True	Windisch GSP; Winternitz GIL 1	kam 1783 nach Indien als "a Puisne Judge of the Supreme Court at Fort William in Bengal"
William Ward	position_at	Serampore Mission	Missionar			True	Windisch GSP	Ward gehörte zu den Missionaren von Serampore
William Woodville Rockhill	position_at	United States Legation, Peking				True	Windisch GSP	W. W. Rockhill, 'now of the United States Legation in Peking'.
Abel Bergaigne	student_of	Michel Bréal				True	Windisch GSP	An der École des Hautes Études, zu deren Direktoren er gehörte, waren Abel Bergaigne und der Linguist Louis Havet seine Schüler.
Adalbert Bezzenberger	student_of	Theodor Benfey				True	Windisch GSP	A. Bezzenberger hat ihm, seinem Lehrer, in Band VIII seiner "Beiträge zur Kunde der Indogermanischen Sprachen" (1884) S. 234 ff. Worte der Erinnerung gewidmet
Adalbert Kuhn	student_of	Franz Bopp				True	Windisch GSP	Er war im Sanskrit und in der Vergleichenden Sprachwissenschaft ein Schüler Bopps.
Adolf Friedrich Stenzler	student_of	Franz Bopp				True	Windisch GSP	Im Anfang ihrer Studien sind auch Stenzler (geb. 1807) und Böhtlingk (geb. 1815) bei Bopp in Berlin gewesen.
Adolf Holtzmann the Elder	student_of	Eugène Burnouf				True	Windisch GSP	ging von da zu E. Burnouf nach Paris
Adolf Holtzmann the Elder	student_of	Johann Andreas Schmeller				True	Windisch GSP	arbeitete ebenda unter Schmellers Leitung zugleich auf germanistischem Gebiet
Adolf Holtzmann the Elder	student_of	Othmar Frank		1832		True	Windisch GSP	hörte in München Sanskrit bei Othmar Frank
Adolf Kaegi	student_of	Rudolf von Roth		1870	1879	True	Windisch GSP; Winternitz GIL 1	was durch seine Schüler ausgeführt worden ist. Seine Blütezeit als akademischer Lehrer fiel in die 70er Jahre des 19. Jahrhunderts, in denen ... der Schweizer A. Kaegi, geb. 1849, um Roths willen Tübingen aufgesucht haben.
Adolphe Regnier	student_of	Eugène Burnouf				True	Windisch GSP	Ein älterer Schüler Burnoufs war der klassische Philolog und Akademiker Adolphe Regnier
Agathon Benary	student_of	Franz Bopp				True	Windisch GSP	Zu den Schülern Bopps gehören ferner Ferdinand Benary, geboren 1805, gestorben 1880, Agathon Benary
Albrecht Weber	student_of	Adalbert Kuhn				True	Windisch GSP	er stattete aber auch A. Kuhn seinen Dank ab, 'viro egregiâ Vedarum cognitione excellenti, qui semper familiari et consuetudine et institutione me docuit'
Albrecht Weber	student_of	Adolf Friedrich Stenzler				True	Windisch GSP	Mehr oder weniger aus-schließlich dürfen als Stenzlers Schüler bezeichnet werden A. Weber, Kielhorn, Eggeling, Pischel, Hillebrandt.
Albrecht Weber	student_of	Christian Lassen				True	Windisch GSP	widmete er Stenzler, Lassen und Gildemeister, 'praeceptoribus carissimis'
Albrecht Weber	student_of	Johannes Gildemeister				True	Windisch GSP	widmete er Stenzler, Lassen und Gildemeister, 'praeceptoribus carissimis'
Alexandre Langlois	student_of	Antoine-Léonard de Chézy				True	Windisch GSP	standen Chézy und sein Schüler Langlois auf der einen Seite
Alfred Hillebrandt	student_of	Adolf Friedrich Stenzler				True	Windisch GSP	Mehr oder weniger aus-schließlich dürfen als Stenzlers Schüler bezeichnet werden A. Weber, Kielhorn, Eggeling, Pischel, Hillebrandt.
Alfred Ludwig	student_of	Albrecht Weber	Sanskrit	1855	1856	True	Windisch GSP	Aber die Hauptanregung zum Studium des Sanskrit erhielt er von Albrecht Weber in Berlin. Am Ende des Schlußworts im 6. Bande seines Rigveda S. XII sagt Ludwig von diesem seinem Lehrer
Alfred Ludwig	student_of	Friedrich Müller				True	Windisch GSP	doch lag er auch weiteren Sprachstudien ob, besonders bei Friedrich Müller.
Angelo De Gubernatis	student_of	Albrecht Weber		1862	1863	True	Windisch GSP	1862 und 1863 de Gubernatis [...] Eine größere Kenntnis des Sanskrit erwarb er sich 1862 bei Weber in Berlin.
Antonio Marazzi	student_of	Giovanni Flechia				True	Windisch GSP	Schüler von ihm waren Antonio Marazzi, Übersetzer der Dramen des Kālidāsa, Domenico Pezzi, Pietro Merlo.
Archibald Edward Gough	student_of	Monier Monier-Williams	Boden Scholar			True	Windisch GSP	Er rühmt A. E. Gough, den Übersetzer der Vaiśeṣikasūtren, der damals Anglo-Sanskrit Professor in the Government College zu Benares war, als einen seiner "most distinguished Boden Scholars".
Armand Guérinot	student_of	Hermann Jacobi				True	Windisch GSP	der Franzose A. Guérinot, Schüler Jacobis
August Fick	student_of	Theodor Benfey				True	Windisch GSP	als Schüler Benfeys Budenz, Bühler, Fick, Haug, Justi, L. Lange, Leo Meyer, Nöldeke, Peile (Cambridge), Senart (Paris)
August Leskien	student_of	August Schleicher				True	Windisch GSP	Hervorragende ältere Schüler von Schleicher waren August Leskien, geboren 1840, und Johannes Schmidt, geboren 1843. ... ehe er sich in Jena an Schleicher anschloß
August Leskien	student_of	Georg Curtius				True	Windisch GSP	Leskien war zuvor in seiner Leipziger Studienzeit schon von Curtius in die Vergleichende Sprachwissenschaft eingeführt worden
August Schleicher	student_of	Friedrich Ritschl	klassische Philologie			True	Windisch GSP	Nach Bonn übergesiedelt studierte er neben allgemeiner Sprachwissenschaft unter Ritschl klassische Philologie.
August Schleicher	student_of	Heinrich Ewald	Sanskrit und orientalische Studien			True	Windisch GSP	Im Sanskrit war Schleicher ein Schüler Ewalds. Er hatte in Leipzig und Tübingen zunächst Theologie studiert, wendete sich aber in Tübingen unter Ewald orientalischen Studien zu.
August Wilhelm von Schlegel	student_of	Antoine-Léonard de Chézy		1814		True	Winternitz GIL 1	Gleichwie sein Bruder hatte auch er in Paris — und zwar im Jahre 1814 — seine Sanskritstudien begonnen. Sein Lehrer war aber ein Franzose, A. L. Chézy
August Wilhelm von Schlegel	student_of	Christian Gottlob Heyne				True	Windisch GSP	nennt in einer Anmerkung zu Ind. Bibl. II 5 den Philologen Heyne seinen verehrten Lehrer
August Wilhelm von Schlegel	student_of	Franz Bopp		1815		True	Windisch GSP	Bopp gab ihm Unterricht im Sanskrit.
Auguste-Louis-Armand Loiseleur-Deslongchamps	student_of	Antoine-Léonard de Chézy				True	Windisch GSP	Chézy nennt Loiseleur in einem Briefe an Bopp vom 18. August 1832 seinen Schüler
Bernhard Hirzel	student_of	Franz Bopp				True	Windisch GSP	Zu den Schülern Bopps gehören ferner [...] der Zürcher Pfarrer Bernhard Hirzel
Berthold Delbrück	student_of	Albrecht Weber		1861	1862	True	Windisch GSP	und in Berlin von Weber, bei dem er Veda hörte.
Berthold Delbrück	student_of	August Friedrich Pott				True	Windisch GSP	In das Sanskrit wurde er eingeführt in Halle von Pott
Bruno Lindner	student_of	Rudolf von Roth		1870	1879	True	Windisch GSP	eine Kombination, die dann wieder Roths Schüler Haug, Geldner und Lindner fortgesetzt haben.
Bunyiu Nanjio	student_of	Friedrich Max Müller		1879		True	Windisch GSP	M. Müller durch seine japanischen Schüler, die buddhistischen Priester Bunyiu Nanjio und Kenjiu Kasawara veranlaßt worden, die 1879 nach Oxford gekommen waren, um Sanskrit zu studieren.
Camillo Kellner	student_of	Hermann Brockhaus				True	Windisch GSP	aber im engeren Sinne gehören noch zu seinen Schülern der Schreiber dieser Zeilen und eine Gruppe von sächsischen Gymnasiallehrern... Hermann Camillo Kellner
Carl Cappeller	student_of	Albrecht Weber		1860	1864	True	Windisch GSP	Er studierte 1860-1864 in Berlin zuerst klassische Philologie, dann Sanskrit bei Bopp und Weber.
Carl Cappeller	student_of	Franz Bopp		1860	1864	True	Windisch GSP	Er studierte 1860-1864 in Berlin zuerst klassische Philologie, dann Sanskrit bei Bopp und Weber.
Carl Gaedicke	student_of	Berthold Delbrück				True	Windisch GSP	Als besonders gehaltvoll rühmt Delbrück (S. VIII) die Arbeit seines Schülers Carl Gaedicke.
Carl Schütz	student_of	Franz Bopp				True	Windisch GSP	Von andern Schülern Bopps war ein guter Kenner auch des schwierigeren Sanskrit der Bielefelder Gymnasiallehrer Carl Schütz
Carlo Giussani	student_of	Albrecht Weber		1863	1863	True	Windisch GSP	Die Schüler Webers [...] 1863 Minayeff und C. Giussani
Carlo Giussani	student_of	Giuseppe Bardelli				True	Windisch GSP	Zu Bardellis Schülern gehörten unter anderen Fausto Lasinio, F. G. Fumi, Carlo Giussani.
Carlo Giussani	student_of	Rudolf von Roth				True	Windisch GSP	als Schüler Roths Trumpp, Osiander, Siegfried (Professor des Sanskrit in Dublin), Whitney, Haug, Pertsch, Euting, Grill, Bruce, E. Kuhn, S. Goldschmidt, C. Giussani.
Charles Rieu	student_of	Christian Lassen				True	Windisch GSP	war also im Sanskrit ein Schüler Lassens.
Charles Rockwell Lanman	student_of	William Dwight Whitney				False	Windisch GSP	Lanmans 'Noun-Inflection', in Band X des JAOS. Auch von anderen Schülern Whitneys erschienen damals Arbeiten über die in der Literatur vorkommenden Formen.
Christian Lassen	student_of	August Wilhelm von Schlegel				True	Windisch GSP; Winternitz GIL 1	Durch A. W. v. Schlegel und seinen Schüler Lassen wurde Bonn ein erster Vorort der Sanskritphilologie in Deutschland.
Domenico Pezzi	student_of	Giovanni Flechia				True	Windisch GSP	Schüler von ihm waren Antonio Marazzi, Übersetzer der Dramen des Kālidāsa, Domenico Pezzi, Pietro Merlo.
Eduard Sachau	student_of	Hermann Brockhaus				True	Windisch GSP	Auch Spiegel und Sachau haben bei ihm gehört
Eduard Sievers	student_of	Carl Ludwig Merkel				True	Windisch GSP	Eduard Sievers, der in Leipzig eine Vorlesung bei dem Physiologen Merkel gehört hatte
Emilio Teza	student_of	Anton Boller				True	Windisch GSP	nach Wien zu gehen, wo er Sanskrit von Anton Boller lernte [...] Er rühmt den Unterricht Bollers, seines Lehrers im Sanskrit und Zend
Ernst Förstemann	student_of	August Friedrich Pott				True	Windisch GSP	Als Schüler Potts nennt er Ebel, Förstemann, Blau, Delbrück, Theophilus Hahn
Ernst Haas	student_of	Albrecht Weber				True	Windisch GSP	Haas arbeitete wie sein Lehrer Weber aus den Handschriften.
Ernst Kuhn	student_of	Albrecht Weber		1864	1864	True	Windisch GSP	Die Schüler Webers [...] 1864 E. Kuhn und S. Goldschmidt
Ernst Kuhn	student_of	Rudolf von Roth				True	Windisch GSP	als Schüler Roths Trumpp, Osiander, Siegfried (Professor des Sanskrit in Dublin), Whitney, Haug, Pertsch, Euting, Grill, Bruce, E. Kuhn, S. Goldschmidt, C. Giussani.
Ernst Osiander	student_of	Rudolf von Roth				True	Windisch GSP	als Schüler Roths Trumpp, Osiander, Siegfried (Professor des Sanskrit in Dublin), Whitney, Haug, Pertsch, Euting, Grill, Bruce, E. Kuhn, S. Goldschmidt, C. Giussani.
Ernst Siecke	student_of	Franz Bopp				True	Windisch GSP	nach Bopps Tode besorgt von seinem Schüler Ernst Siecke
Ernst Trumpp	student_of	Rudolf von Roth				True	Windisch GSP	als Schüler Roths Trumpp, Osiander, Siegfried (Professor des Sanskrit in Dublin), Whitney, Haug, Pertsch, Euting, Grill, Bruce, E. Kuhn, S. Goldschmidt, C. Giussani.
Ernst Windisch	student_of	Friedrich Ritschl		1863	1868	True	Windisch GSP	Er studierte 1863-1868 in Leipzig klassische Philologie unter Georg Curtius und Fr. Ritschl
Ernst Windisch	student_of	Friedrich Zarncke		1863	1868	True	Windisch GSP	daneben aber auch Germanistik unter Fr. Zarncke
Ernst Windisch	student_of	Georg Curtius		1863	1868	True	Windisch GSP	Er studierte 1863-1868 in Leipzig klassische Philologie unter Georg Curtius und Fr. Ritschl
Ernst Windisch	student_of	Hermann Brockhaus		1863	1868	True	Windisch GSP	und von Anfang an Sanskrit und Zend unter H. Brockhaus.
Eugen Wilhelm	student_of	August Schleicher				True	Windisch GSP	Wilhelm, geboren 1842, Professor am Gymnasium und an der Universität zu Jena, ein Schüler Schleichers
Eugène Burnouf	student_of	Antoine-Léonard de Chézy				True	Windisch GSP	Auch die beiden Burnouf sind von Chézy ausgegangen
Eugène Jacquet	student_of	Eugène Burnouf				True	Windisch GSP	Unter den europäischen Gelehrten, die zu Prinseps Zeit in Paris die Entdeckungen der Engländer in Indien mit Eifer verfolgten, ist der vielseitige Orientalist Eugène Jacquet aus Brüssel ... ein Schüler von Rémusat und von Burnouf
Eugène Jacquet	student_of	Jean-Pierre Abel-Rémusat				True	Windisch GSP	Unter den europäischen Gelehrten, die zu Prinseps Zeit in Paris die Entdeckungen der Engländer in Indien mit Eifer verfolgten, ist der vielseitige Orientalist Eugène Jacquet aus Brüssel ... ein Schüler von Rémusat
Fausto Ghiron Fumi	student_of	Giuseppe Bardelli				True	Windisch GSP	Zu Bardellis Schülern gehörten unter anderen Fausto Lasinio, F. G. Fumi, Carlo Giussani.
Fausto Lasinio	student_of	Giuseppe Bardelli				True	Windisch GSP	Zu Bardellis Schülern gehörten unter anderen Fausto Lasinio, F. G. Fumi, Carlo Giussani.
Ferdinand Benary	student_of	Franz Bopp				True	Windisch GSP	Zu den Schülern Bopps gehören ferner Ferdinand Benary
Ferdinand Justi	student_of	Theodor Benfey				True	Windisch GSP	als Schüler Benfeys Budenz, Bühler, Fick, Haug, Justi, L. Lange, Leo Meyer, Nöldeke, Peile (Cambridge), Senart (Paris)
Ferdinand de Saussure	student_of	Georg Curtius		1876	1878	True	Windisch GSP	Er studierte in den Jahren 1876-1878 vier Semester in Leipzig, wo er die Vorlesungen von Curtius und Brugmann hörte
Ferdinand de Saussure	student_of	Karl Brugmann		1876	1878	True	Windisch GSP	Er studierte in den Jahren 1876-1878 vier Semester in Leipzig, wo er die Vorlesungen von Curtius und Brugmann hörte
Francis Henry Trithen	student_of	Franz Bopp		1838	1840	True	Windisch GSP	Der Sohn studierte zwischen 1838 und 1840 in Berlin, bei Bopp und Anderen
Francisco García Ayuso	student_of	Martin Haug				True	Windisch GSP	Fr. Garcia Ayuso, Schüler von Haug [...] Als Schüler Haugs bezeichnet er [...] in München West, Ayuso, Hübschmann, Jolly.
Franz Bopp	student_of	Antoine-Isaac Silvestre de Sacy		1812		True	Windisch GSP	So hat auch Bopp, als er im Jahre 1812 nach Paris kam, bei diesem zuerst Arabisch gelernt, auch Persisch.
Franz Bopp	student_of	Antoine-Léonard de Chézy				True	Winternitz GIL 1	und dort zusammen mit Schlegel bei Chézy Sanskrit lernte.
Franz Kielhorn	student_of	Adolf Friedrich Stenzler				True	Windisch GSP	Mehr oder weniger aus-schließlich dürfen als Stenzlers Schüler bezeichnet werden A. Weber, Kielhorn, Eggeling, Pischel, Hillebrandt.
Franz Kielhorn	student_of	Albrecht Weber		1861	1861	True	Windisch GSP	Die Schüler Webers [...] 1861 Kielhorn
Friedrich Bechtel	student_of	Theodor Benfey				True	Windisch GSP	Die in Benfey ihren Guru verehrende Göttinger Schule umfaßt vorwiegend Sprachforscher [...] Bechtel, Bezzenberger im Litauischen.
Friedrich Bollensen	student_of	Heinrich Ewald	Sanskrit			True	Windisch GSP	wurde von Ewald in das Sanskrit eingeführt
Friedrich Haag	student_of	Heinrich Schweizer-Sidler			1869	True	Windisch GSP	Er widmete sie seinem Lehrer, dem Zürcher Sprachforscher Schweizer-Sidler
Friedrich Heinrich Hugo Windischmann	student_of	Christian Lassen				True	Windisch GSP	Auch der Schrift seines Schülers Fr. Windischmann "Sancara sive de Theologumenis Vedanticorum" gedenkt er wiederholt.
Friedrich Max Müller	student_of	Anton Westermann				True	Windisch GSP	studierte dann an der dortigen Universität klassische Philologie bei Gottfried Hermann, Haupt, Westermann, Klotz.
Friedrich Max Müller	student_of	Christian Hermann Weisse				True	Windisch GSP	In der Philosophie fühlte er sich anfangs besonders zu dem Hegelschen Richtung angehörigen Hermann Weisse hingezogen
Friedrich Max Müller	student_of	Eugène Burnouf		1845		True	Windisch GSP; Winternitz GIL 1	In Paris wurde er, wie zwei Jahre später auch noch Max Müller, Schüler Burnoufs.
Friedrich Max Müller	student_of	Franz Bopp		1844		True	Windisch GSP	Um Bopp und Schelling zu hören, ging er im Jahre 1844 nach Berlin
Friedrich Max Müller	student_of	Friedrich Wilhelm Joseph Schelling		1844		True	Windisch GSP	Um Bopp und Schelling zu hören, ging er im Jahre 1844 nach Berlin
Friedrich Max Müller	student_of	Gottfried Hermann				True	Windisch GSP	studierte dann an der dortigen Universität klassische Philologie bei Gottfried Hermann, Haupt, Westermann, Klotz.
Friedrich Max Müller	student_of	Hermann Brockhaus		1841	1844	True	Windisch GSP	Unter Brockhaus' Schülern ragt hervor Max Müller, der in den Jahren 1843 und 1844 den ersten Unterricht im Sanskrit von Brockhaus empfangen hat
Friedrich Max Müller	student_of	Karl Friedrich August Nobbe				True	Windisch GSP	besuchte er die Nikolaischule in Leipzig unter Nobbe
Friedrich Max Müller	student_of	Moritz Wilhelm Drobisch				True	Windisch GSP	in der von Drobisch vorgetragenen Herbartschen Philosophie, aus der M. Müller die Analyse der Begriffe, die begriffliche Erkenntnis herausgriff.
Friedrich Max Müller	student_of	Moriz Haupt				True	Windisch GSP	studierte dann an der dortigen Universität klassische Philologie bei Gottfried Hermann, Haupt, Westermann, Klotz.
Friedrich Max Müller	student_of	Reinhold Klotz				True	Windisch GSP	studierte dann an der dortigen Universität klassische Philologie bei Gottfried Hermann, Haupt, Westermann, Klotz.
Friedrich Rosen	student_of	Franz Bopp				True	Windisch GSP	Unter denen, die in jüngeren Jahren den Unterricht Bopps genossen haben, ragt hervor Friedrich Rosen.
Friedrich Rückert	student_of	Franz Bopp				True	Windisch GSP	Er selbst bezeichnet sich im Sanskrit als Schüler Bopps, obwohl er älter war als dieser, und erst später, als er Sanskrit schon recht gut verstand, in persönliche Beziehungen zu Bopp getreten ist.
Friedrich Schlegel	student_of	Alexander Hamilton		1803	1804	True	Windisch GSP; Winternitz GIL 1	Dieser gab Fr. Schlegel Unterricht im Sanskrit, nach einer Nachricht täglich drei Stunden lang.
Friedrich Schlegel	student_of	Antoine-Léonard de Chézy				True	Windisch GSP	Antoine Léonard de Chézy ... der doch schon der Lehrer Friedrich Schlegels gewesen ist
Friedrich von Spiegel	student_of	Hermann Brockhaus				True	Windisch GSP	Auch Spiegel und Sachau haben bei ihm gehört
Fritz Johaentgen	student_of	Christian Lassen				True	Windisch GSP	Johaentgen empfing die Anregung zu seiner Arbeit von seinem Lehrer Lassen
Fritz Johaentgen	student_of	Martin Haug				True	Windisch GSP	Als Schüler Haugs bezeichnet er in Bonn Johaentgen
Félix Nève	student_of	Christian Lassen				True	Windisch GSP	Seine Lehrer im Sanskrit waren Lassen in Bonn und Burnouf in Paris.
Félix Nève	student_of	Eugène Burnouf				True	Windisch GSP	Dem Werke Regniers war schon 1847 der »Essai sur le Mythe des Ṛbhavas« von Félix Nève, der im Veda gleichfalls ein Schüler Burnoufs war, vorausgegangen.
Gaspare Gorresio	student_of	Eugène Burnouf		1834		True	Windisch GSP	Im Jahre 1834 ging er nach Paris und hörte dort Burnouf "in pubblico ed in privato"
Georg Bühler	student_of	Theodor Benfey				True	Windisch GSP	Als Sanskrit-Philologe hat sich von seinen Schülern hervorgetan G. Bühler
Georg Curtius	student_of	Christian Lassen				True	Windisch GSP	In Bonn hörte er bei Ritschl und Lassen, der ihn in das Sanskrit einführte.
Georg Curtius	student_of	Franz Bopp				True	Windisch GSP	Geboren 1820, ein unmittelbarer Schüler Bopps, war er festgewurzelt in dessen Lehre
Georg Curtius	student_of	Friedrich Ritschl				True	Windisch GSP	In Bonn hörte er bei Ritschl und Lassen, der ihn in das Sanskrit einführte.
Georg Mahlow	student_of	Johannes Schmidt				True	Windisch GSP	Sein streitbarer Schüler Georg Mahlow hat die neuen Anschauungen auch für die langen Vokale durchgeführt
Georg Martin Dursch	student_of	Antoine-Léonard de Chézy				True	Windisch GSP	G. M. Dursch [...] nennt sich selbst in der Widmung einen Schüler de Chézys.
Georg Morgenstierne	student_of	Sten Konow				True	Winternitz GIL 3	Wie er mir brieflich mitteilt, hält er dies durch eine im Druck befindliche Arbeit seines Schülers G. Morgenstierne für erwiesen.
George Thibaut	student_of	Albrecht Weber		1867	1867	True	Windisch GSP	Die Schüler Webers [...] 1867 Thibaut
Giuseppe Bardelli	student_of	Eugène Burnouf				True	Windisch GSP	Hier sollte er nicht nur bei Burnouf hören
Giuseppe Bardelli	student_of	Giuseppe Mezzofanti				True	Windisch GSP	schickte ihn dann nach Rom, wo er unter der Direktion des Kardinals Mezzofanti Sanskrit lernen sollte.
Giuseppe Bardelli	student_of	Stanislas Julien				True	Windisch GSP	sondern von Stanislas Julien auch Chinesisch lernen.
Gottlieb Siegfried Bayer	student_of	Christoph Theodosius Walther				True	Windisch GSP	Seine Kenntnis vom Sanskrit, von indischer Sprache und Literatur erhielt er von einigen dänischen Missionarien in Tranquebar, unter denen Christoph Theodosius Walther der bedeutendste war.
Heinrich Hübschmann	student_of	Martin Haug				True	Windisch GSP	Als Schüler Haugs bezeichnet er [...] in München West, Ayuso, Hübschmann, Jolly.
Heinrich Schweizer-Sidler	student_of	Bernhard Hirzel				True	Windisch GSP	Schweizer-Sidler, dem wir in Kuhns Zeitschrift oft begegnen, und der seinerseits im Sanskrit ein Schüler Hirzels, des Übersetzers der Śakuntalā, war.
Heinrich Uhle	student_of	Hermann Brockhaus				True	Windisch GSP	Handschriften der Vetālapañcaviṃśati, die er seinen Schülern Uhle und dem Schreiber dieser Zeilen übergab.
Heinrich Wenzel	student_of	Friedrich Max Müller				True	Windisch GSP	Seine besondere Studienrichtung erhielt er durch Max Müller in Oxford, zu dem er sich nach kurzem Aufenthalt in Straßburg mit einer Empfehlung von Noiré begab.
Heinrich Wenzel	student_of	Heinrich August Jäschke		1881	1883	True	Windisch GSP	Auf M. Müllers Rat ging er 1881 zu dem Missionar H. Jäschke nach Herrnhut und widmete sich dort zwei Jahre lang dem Studium des Tibetischen.
Heinrich Zimmer	student_of	Albrecht Weber				True	Windisch GSP	In der Widmung seines Buches nennt er diese beiden und Weber seine verehrten Lehrer.
Heinrich Zimmer	student_of	Ernst Windisch	keltologische Studien			True	Windisch GSP	wendete sich aber bald keltologischen Studien zu, in die er zuerst von Windisch eingeführt worden war.
Heinrich Zimmer	student_of	Rudolf von Roth	Sanskrit	1870	1879	True	Windisch GSP	was durch seine Schüler ausgeführt worden ist. Seine Blütezeit als akademischer Lehrer fiel in die 70er Jahre des 19. Jahrhunderts, in denen ... H. Zimmer, geb. 1851 ... um Roths willen Tübingen aufgesucht haben.
Heinrich Zimmer	student_of	Siegfried Goldschmidt	Sanskrit			True	Windisch GSP	war im Sanskrit ein Schüler Goldschmidts in Straßburg
Heinrich Zimmer	student_of	Wilhelm Scherer	Germanistik			True	Windisch GSP	war in der Germanistik ein Schüler Scherers
Hellmuth von Glasenapp	student_of	Hermann Jacobi				True	Windisch GSP	Hellmuth von Glasenapp, einem Schüler Jacobis
Hendrik Kern	student_of	Albrecht Weber		1855	1856	True	Windisch GSP	Kern, "einem tüchtigen Schüler Webers"
Henri Gaidoz	student_of	Albrecht Weber		1865	1865	True	Windisch GSP	Die Schüler Webers [...] 1865 Eggeling und Gaidoz
Hermann Brunnhofer	student_of	Albrecht Weber				True	Windisch GSP	Hermann Brunnhofer, geboren 1841 zu Aarau, gestorben 1917 in München, war im Sanskrit ein Schüler Webers.
Hermann Collitz	student_of	Theodor Benfey				True	Windisch GSP	Die in Benfey ihren Guru verehrende Göttinger Schule umfaßt vorwiegend Sprachforscher, von denen die meisten ihre Stärke im Griechischen, lateinischen oder Germanischen hatten, Leo Meyer, Fick, Collitz
Hermann Ebel	student_of	August Friedrich Pott				True	Windisch GSP	Als Schüler Potts nennt er Ebel, Förstemann, Blau, Delbrück, Theophilus Hahn
Ivan Pavlovich Minaev	student_of	Albrecht Weber		1863	1863	True	Windisch GSP	Schüler Webers [...] 1863 Minayeff
Jacob Wackernagel	student_of	Theodor Benfey				True	Windisch GSP	Seine Stärke als Sanskritgrammatiker ist auf seinen Schüler Wackernagel übergegangen.
Jean-Louis Burnouf	student_of	Antoine-Léonard de Chézy				True	Windisch GSP	Auch die beiden Burnouf sind von Chézy ausgegangen
Johannes Brune	student_of	Hermann Oldenberg			1909	True	Windisch GSP	Dissertation seines Schülers J. Brune "Zur Textkritik der dem Sāmaveda mit dem achten Maṇḍala des Ṛgveda gemeinsamen Stellen", Kiel 1909.
Johannes Gildemeister	student_of	Christian Lassen				True	Windisch GSP	wo für die semitischen Sprachen Ewald und Freitag, für das Sanskrit Lassen seine Lehrer waren.
Johannes Gildemeister	student_of	Georg Wilhelm Freytag				True	Windisch GSP	wo für die semitischen Sprachen Ewald und Freitag, für das Sanskrit Lassen seine Lehrer waren.
Johannes Gildemeister	student_of	Heinrich Ewald				True	Windisch GSP	wo für die semitischen Sprachen Ewald und Freitag, für das Sanskrit Lassen seine Lehrer waren.
Johannes Klatt	student_of	Albrecht Weber				True	Windisch GSP	Den Vṛddha-Cāṇakya gab J. Klatt heraus in seiner Dissertation... nachdem sein Lehrer Weber schon 1864... übersetzt hatte
Johannes Schmidt	student_of	Albrecht Weber		1865	1866	True	Windisch GSP	Die Schüler Webers [...] 1865 und 1866 Johannes Schmidt
Johannes Schmidt	student_of	August Schleicher				True	Windisch GSP	Hervorragende ältere Schüler von Schleicher waren August Leskien, geboren 1840, und Johannes Schmidt, geboren 1843.
John Avery	student_of	William Dwight Whitney				True	Windisch GSP	Auch von anderen Schülern Whitneys erschienen damals Arbeiten über die in der Literatur vorkommenden Formen. In demselben Band X finden sich S. 219-324 'Contributions to the History of Verb-Inflection in Sanskrit' von John Avery
John Peile	student_of	Theodor Benfey				True	Windisch GSP	als Schüler Benfeys Budenz, Bühler, Fick, Haug, Justi, L. Lange, Leo Meyer, Nöldeke, Peile (Cambridge), Senart (Paris)
John Pickford	student_of	Monier Monier-Williams				True	Windisch GSP	Ein anderer Schüler von M. Williams, John Pickford, eine Zeitlang Professor in Madras
Josef Schick	student_of	Albrecht Weber				True	Windisch GSP	Deshalb nahm der sprachenkundige Münchner Anglizist J. Schick diese drei indischen Hauptgeschichten, die schon sein Lehrer Weber zusammengestellt hatte, in sein "Corpus Hamleticum" auf
Julius Eggeling	student_of	Adolf Friedrich Stenzler				True	Windisch GSP	Mehr oder weniger aus-schließlich dürfen als Stenzlers Schüler bezeichnet werden A. Weber, Kielhorn, Eggeling, Pischel, Hillebrandt.
Julius Eggeling	student_of	Albrecht Weber		1865	1865	True	Windisch GSP	Die Schüler Webers [...] 1865 Eggeling und Gaidoz
Julius Euting	student_of	Rudolf von Roth				True	Windisch GSP	als Schüler Roths Trumpp, Osiander, Siegfried (Professor des Sanskrit in Dublin), Whitney, Haug, Pertsch, Euting, Grill, Bruce, E. Kuhn, S. Goldschmidt, C. Giussani.
Julius Grill	student_of	Adalbert Kuhn				True	Windisch GSP	Von den Meistern "vergleichender indogermanischer Mythologie", bei denen er in die Schule gegangen, nennt er A. Kuhn mit Namen
Julius Grill	student_of	Rudolf von Roth				True	Windisch GSP	J. Grill, ein Schüler Roths im Sanskrit, übersetzte "Hundert Lieder des Atharva Veda"
Julius Jolly	student_of	Martin Haug				True	Windisch GSP	Als Schüler Haugs bezeichnet er [...] in München West, Ayuso, Hübschmann, Jolly.
Junjiro Takakusu	student_of	Moriz Winternitz				True	Winternitz GIL 2	meinem lieben Freunde und ehemaligen Schüler, Professor Jyun Takakusu in Tokio
József Budenz	student_of	Theodor Benfey				True	Windisch GSP	als Schüler Benfeys Budenz, Bühler, Fick, Haug, Justi, L. Lange, Leo Meyer, Nöldeke, Peile (Cambridge), Senart (Paris)
Karl Brugmann	student_of	Georg Curtius				True	Windisch GSP	Von Curtius' zahlreichen Schülern trat Karl Brugmann, geboren 1849, zuerst im Bunde mit ihm auf
Karl Friedrich Geldner	student_of	Rudolf von Roth		1870	1879	True	Windisch GSP; Winternitz GIL 1	eine Kombination, die dann wieder Roths Schüler Haug, Geldner und Lindner fortgesetzt haben.
Kenjiu Kasawara	student_of	Friedrich Max Müller		1879		True	Windisch GSP	durch seinen japanischen Schüler Kasawara zugänglich wurde
Lallu Lal	student_of	John Borthwick Gilchrist		1806		True	Winternitz GIL 3	Das Werk wurde im Jahre 1806 unter der Leitung von John Gilchrist begonnen
Leo Meyer	student_of	Theodor Benfey				True	Windisch GSP	Die in Benfey ihren Guru verehrende Göttinger Schule umfaßt vorwiegend Sprachforscher, von denen die meisten ihre Stärke im Griechischen, lateinischen oder Germanischen hatten, Leo Meyer, Fick, Collitz
Leopold von Schroeder	student_of	Rudolf von Roth				True	Windisch GSP	die dann später von seinem Schüler L. v. Schroeder herausgegeben worden sind.
Louis Havet	student_of	Michel Bréal				True	Windisch GSP	An der École des Hautes Études, zu deren Direktoren er gehörte, waren Abel Bergaigne und der Linguist Louis Havet seine Schüler.
Louis Poley	student_of	Franz Bopp				True	Windisch GSP	empfiehlt Bopp diesem "un ancien élève", den besonders durch seine Upanischad-arbeiten bekannt gewordenen Louis Poley.
Ludwig Lange	student_of	Theodor Benfey				True	Windisch GSP	als Schüler Benfeys Budenz, Bühler, Fick, Haug, Justi, L. Lange, Leo Meyer, Nöldeke, Peile (Cambridge), Senart (Paris)
Luigi Suali	student_of	Hermann Jacobi				True	Windisch GSP	Luigi Suali, Schüler Jacobis
Léon Feer	student_of	Philippe-Édouard Foucaux				True	Windisch GSP	Von Foucaux lernte es Léon Feer.
Martin Haug	student_of	Rudolf von Roth				True	Windisch GSP	eine Kombination, die dann wieder Roths Schüler Haug, Geldner und Lindner fortgesetzt haben.
Martin Haug	student_of	Theodor Benfey				True	Windisch GSP	als Schüler Benfeys Budenz, Bühler, Fick, Haug, Justi, L. Lange, Leo Meyer, Nöldeke, Peile (Cambridge), Senart (Paris)
Matthias von Lexer	student_of	Albrecht Weber		1857	1858	True	Windisch GSP	Die Schüler Webers [...] 1857 und 1858 Lexer und Bréal
Max Lindenau	student_of	Ernst Windisch				True	Winternitz GIL 3	des Windisch-Schülers M. Lindenau
Michel Bréal	student_of	Albrecht Weber		1857	1858	True	Windisch GSP	Die Schüler Webers [...] 1857 und 1858 Lexer und Bréal
Moriz Winternitz	student_of	Georg Bühler				True	Windisch GSP	Bühlers Schüler Winternitz
Otto Blau	student_of	August Friedrich Pott				True	Windisch GSP	Als Schüler Potts nennt er Ebel, Förstemann, Blau, Delbrück, Theophilus Hahn
Otto Stein	student_of	Moriz Winternitz				True	Winternitz GIL 2	Meinem Schüler Dr. Otto Stein bin ich für die bei der Korrektur der zweiten Hälfte dieses Bandes und bei der Revision des Index geleistete Hilfe zu Dank verpflichtet.
Otto von Böhtlingk	student_of	Christian Lassen				True	Windisch GSP	Seine Ausgabe "Abhijñānaśakuntalam" ist "Dem geliebten Lehrer Herrn Christian Lassen" gewidmet.
Otto von Böhtlingk	student_of	Franz Bopp				True	Windisch GSP	Im Anfang ihrer Studien sind auch Stenzler (geb. 1807) und Böhtlingk (geb. 1815) bei Bopp in Berlin gewesen.
Peter von Bohlen	student_of	Franz Bopp				True	Windisch GSP	bekennt aber, Grammatik erst bei Bopp gelernt zu haben
Peter von Bohlen	student_of	Georg Wilhelm Freytag				True	Windisch GSP	Seine orientalischen Studien begann er mit dem Arabischen, bei G. W. Freytag in Bonn
Philippe-Édouard Foucaux	student_of	Eugène Burnouf				True	Windisch GSP	Aus einem längeren Briefe von Edouard Foucaux erfahren wir, daß dieser zunächst ein Schüler Burnoufs im Sanskrit war
Pietro Merlo	student_of	Giovanni Flechia				True	Windisch GSP	Schüler von ihm waren Antonio Marazzi, Übersetzer der Dramen des Kālidāsa, Domenico Pezzi, Pietro Merlo.
Ramkrishna Gopal Bhandarkar	student_of	Martin Haug				True	Windisch GSP	Als Schüler Haugs bezeichnet er [...] in Poona keinen Geringeren als Bhandarkar
Raymond West	student_of	Martin Haug				True	Windisch GSP	Als Schüler Haugs bezeichnet er [...] in München West, Ayuso, Hübschmann, Jolly.
Richard Fritzsche	student_of	Hermann Brockhaus				False	Windisch GSP	gehören noch zu seinen Schülern... eine Gruppe von sächsischen Gymnasiallehrern... Richard Fritzsche, geboren 1851, Rektor des Gymnasiums in Schneeberg
Richard Pischel	student_of	Adolf Friedrich Stenzler				True	Windisch GSP	Mehr oder weniger aus-schließlich dürfen als Stenzlers Schüler bezeichnet werden A. Weber, Kielhorn, Eggeling, Pischel, Hillebrandt.
Richard Pischel	student_of	Albrecht Weber				True	Windisch GSP	hatte aber auch bei Weber Vorlesungen gehört.
Richard Schmidt	student_of	Ernst Mehliß				False	Winternitz GIL 3	Ins Deutsche übersetzt von R. Schmidt in der »Festgabe ehemaliger Schüler zum 70. Geburtstag des Professors Ernst Mehliß in Eisleben« 1914
Richard von Garbe	student_of	Rudolf von Roth		1870	1879	True	Windisch GSP	Über Roths Leben und Persönlichkeit handelt eingehender sein Schüler und Nachfolger R. Garbe in der Allgemeinen Deutschen Biographie.
Robert Bruce	student_of	Rudolf von Roth				True	Windisch GSP	als Schüler Roths Trumpp, Osiander, Siegfried (Professor des Sanskrit in Dublin), Whitney, Haug, Pertsch, Euting, Grill, Bruce, E. Kuhn, S. Goldschmidt, C. Giussani.
Rudolf Thomas Siegfried	student_of	Albrecht Weber		1849	1849	True	Windisch GSP	Die Schüler Webers [...] 1849 Siegfried
Rudolf Thomas Siegfried	student_of	Rudolf von Roth				True	Windisch GSP	als Schüler Roths Trumpp, Osiander, Siegfried (Professor des Sanskrit in Dublin), Whitney, Haug, Pertsch, Euting, Grill, Bruce, E. Kuhn, S. Goldschmidt, C. Giussani.
Rudolf von Roth	student_of	Eugène Burnouf		1843		True	Windisch GSP; Winternitz GIL 1	In Paris wurde er, wie zwei Jahre später auch noch Max Müller, Schüler Burnoufs.
Rudolf von Roth	student_of	Heinrich Ewald				True	Windisch GSP	wurde durch Ewald für das Sanskrit gewonnen. Diesem, seinem verehrten Lehrer, stattet er im Vorwort zum Nirukta (1847) mit besonderer Wärme seinen Dank ab.
Siegfried Goldschmidt	student_of	Albrecht Weber		1864	1864	True	Windisch GSP	Die Schüler Webers [...] 1864 E. Kuhn und S. Goldschmidt
Siegfried Goldschmidt	student_of	Rudolf von Roth				True	Windisch GSP	als Schüler Roths Trumpp, Osiander, Siegfried (Professor des Sanskrit in Dublin), Whitney, Haug, Pertsch, Euting, Grill, Bruce, E. Kuhn, S. Goldschmidt, C. Giussani.
Sophus Bugge	student_of	Albrecht Weber		1858	1858	True	Windisch GSP	Die Schüler Webers [...] 1858 Bugge
Theodor Bloch	student_of	Ernst Windisch				True	Winternitz GIL 3	Th. Bloch, ein Schüler von Windisch
Theodor Goldstücker	student_of	Christian Lassen				True	Windisch GSP	ging von da nach Bonn zu Lassen.
Theodor Goldstücker	student_of	Eugène Burnouf				True	Windisch GSP	wird Th. Goldstücker "l'un des plus fidèles et des plus savants élèves d'Eugène Burnouf" genannt
Theodor Goldstücker	student_of	Karl Rosenkranz				True	Windisch GSP	mit einem Vorwort von seinem Lehrer, dem Königsberger Philosophen K. Rosenkranz
Theodor Goldstücker	student_of	Peter von Bohlen				True	Windisch GSP	machte auch dort seine ersten Sanskritstudien unter v. Bohlen
Theodor Nöldeke	student_of	Theodor Benfey				True	Windisch GSP	als Schüler Benfeys Budenz, Bühler, Fick, Haug, Justi, L. Lange, Leo Meyer, Nöldeke, Peile (Cambridge), Senart (Paris)
Theophilus Hahn	student_of	August Friedrich Pott				True	Windisch GSP	Als Schüler Potts nennt er Ebel, Förstemann, Blau, Delbrück, Theophilus Hahn
Théodore Pavie	student_of	Eugène Burnouf				True	Windisch GSP	Ein anderer Schüler Burnoufs war Théodore Pavie, geboren 1811 zu Angers, gestorben ebenda 1896.
Walther Schubring	student_of	Ernst Leumann				True	Windisch GSP	Leumanns Schüler Walther Schubring (geb. 1881)
Wilhelm Deecke	student_of	Albrecht Weber				True	Windisch GSP	W. Deecke hat seines Lehrers Weber Werk ergänzt und modifiziert
Wilhelm Geiger	student_of	Friedrich von Spiegel				True	Windisch GSP	Aber wie so oft bei Lehrer und Schüler, spiegelt sich seine Kombination der Studien in seinem Schüler W. Geiger wieder
Wilhelm Pertsch	student_of	Albrecht Weber		1850	1850	True	Windisch GSP	Ein Schüler und Freund Webers war auch der Gothaer Bibliothekar Wilhelm Pertsch
Wilhelm Pertsch	student_of	Rudolf von Roth				True	Windisch GSP	als Schüler Roths Trumpp, Osiander, Siegfried (Professor des Sanskrit in Dublin), Whitney, Haug, Pertsch, Euting, Grill, Bruce, E. Kuhn, S. Goldschmidt, C. Giussani.
Wilhelm Storck	student_of	Albrecht Weber		1856	1857	True	Windisch GSP	Die Schüler Webers [...] 1856 und 1857 Storck
Wilhelm von Humboldt	student_of	Franz Bopp				True	Windisch GSP	Dieser, von Bopp schon in London in das Sanskrit eingeführt, war von der Wichtigkeit des Sanskrit durchdrungen
William Dwight Whitney	student_of	Albrecht Weber		1850	1851	True	Windisch GSP	Sehr bald trat er als gleichstehender Forscher neben seine Lehrer Weber und Roth
William Dwight Whitney	student_of	Edward Elbridge Salisbury				True	Windisch GSP	wo er in seiner Jugend Edward E. Salisbury, Professor des Arabischen und des Sanskrit, zum Lehrer des Sanskrit gehabt hatte
William Dwight Whitney	student_of	Rudolf von Roth				True	Windisch GSP	Sehr bald trat er als gleichstehender Forscher neben seine Lehrer Weber und Roth
Émile Senart	student_of	Theodor Benfey				True	Windisch GSP	als Schüler Benfeys Budenz, Bühler, Fick, Haug, Justi, L. Lange, Leo Meyer, Nöldeke, Peile (Cambridge), Senart (Paris)
Adolf Friedrich Stenzler	studied_at	Paris (unspecified)				True	Windisch GSP	Stenzler ging mit Empfehlungen von Bopp an Schlegel und Chézy ausgerüstet von Berlin nach Bonn und Paris
Adolf Friedrich Stenzler	studied_at	University of Berlin			1829	True	Windisch GSP	Er promovierte dort im Jahre 1829 mit der Dissertation "Brahma-Vaivarta-Puráni Specimen"
Adolf Friedrich Stenzler	studied_at	University of Bonn				True	Windisch GSP	Beide gingen bald von da nach Bonn.
Adolf Kaegi	studied_at	University of Tübingen		1870	1879	True	Windisch GSP	in denen K. Geldner, geb. 1852, R. Garbe, geb. 1857, B. Lindner, geb. 1853, H. Zimmer, geb. 1851, und der Schweizer A. Kaegi, geb. 1849, um Roths willen Tübingen aufgesucht haben.
Adoniram Judson Eaton	studied_at	University of Leipzig			1884	True	Windisch GSP	die 1884 erschienene Leipziger Dissertation "The Ātmanepada in Ṛgveda" von dem Amerikaner Adoniram Judson Eaton
Albrecht Weber	studied_at	University of Berlin		1842	1845	True	Windisch GSP	nur drei Jahre lang, 1842-1845, klassische und orientalische Philologie studiert hat, in Breslau, Bonn und Berlin.
Albrecht Weber	studied_at	University of Bonn		1842	1845	True	Windisch GSP	nur drei Jahre lang, 1842-1845, klassische und orientalische Philologie studiert hat, in Breslau, Bonn und Berlin.
Albrecht Weber	studied_at	University of Breslau		1842	1845	True	Windisch GSP	nur drei Jahre lang, 1842-1845, klassische und orientalische Philologie studiert hat, in Breslau, Bonn und Berlin.
Alexander von Staël-Holstein	studied_at	University of Halle			1900	True	Winternitz GIL 3	dessen zweiter Teil von A. v. Staël-Holstein (Diss., Halle a. S. 1900) herausgegeben und übersetzt ist.
Alfons Fürst	studied_at	University of Tübingen			1915	True	Winternitz GIL 3	A. Fürst, Der Sprachgebrauch der älteren Upaniṣads verglichen mit dem der früheren vedischen Perioden und dem des klassischen Sanskrit, Diss. (Tübingen), Göttingen 1915.
Alfred Ludwig	studied_at	University of Berlin		1855	1856	True	Windisch GSP	ging dann nach Berlin im Wintersemester 1855/56.
Alfred Ludwig	studied_at	University of Vienna		1852		True	Windisch GSP	Die Universität Wien bezog er 1852
Andrzej Gawroński	studied_at	University of Leipzig			1907	True	Winternitz GIL 3	A. Gawroński, Sprachliche Untersuchungen über das Mṛcchakaṭika und das Daśakumāracarita, Diss. Leipzig 1907
Angelo De Gubernatis	studied_at	University of Berlin		1862	1863	True	Windisch GSP	Eine größere Kenntnis des Sanskrit erwarb er sich 1862 bei Weber in Berlin.
Anton Eduard Wollheim da Fonseca	studied_at	University of Berlin			1831	True	Windisch GSP	die Berlin 1831 erschienene Dissertation von A. E. Wollheim "De nonnullis Padma-Purani Capitibus"
Arnold Hirzel	studied_at	University of Leipzig			1890	True	Windisch GSP	in seiner Leipziger Dissertation "Gleichnisse und Metaphern im Ṛgveda in culturhistorischer Hinsicht zusammengestellt...", Leipzig 1890
Arthur Amelung	studied_at	University of Halle			1868	True	Windisch GSP	Schon 1868 hatte er in Halle promoviert mit der Schrift "Prolegomena ad Ortnitum carmen theodiscum saeculi XIII".
August Friedrich Pott	studied_at	University of Göttingen				True	Windisch GSP	Pott war geboren 1802 zu Nettelrede im Hannoverschen, studierte in Göttingen und wurde 1833 Professor der allgemeinen Sprachwissenschaft in Halle
August Schleicher	studied_at	University of Bonn	allgemeine Sprachwissenschaft und klassische Philologie			True	Windisch GSP	Nach Bonn übergesiedelt studierte er neben allgemeiner Sprachwissenschaft unter Ritschl klassische Philologie.
August Schleicher	studied_at	University of Leipzig	Theologie			True	Windisch GSP	Er hatte in Leipzig und Tübingen zunächst Theologie studiert
August Schleicher	studied_at	University of Tübingen	Theologie und orientalische Studien			True	Windisch GSP	Er hatte in Leipzig und Tübingen zunächst Theologie studiert, wendete sich aber in Tübingen unter Ewald orientalischen Studien zu.
August Wilhelm von Schlegel	studied_at	Paris (unspecified)		1814		True	Winternitz GIL 1	hatte auch er in Paris — und zwar im Jahre 1814 — seine Sanskritstudien begonnen.
August Wilhelm von Schlegel	studied_at	University of Göttingen				True	Windisch GSP	Er hatte in Göttingen studiert
Bernhard Hirzel	studied_at	University of Göttingen				True	Windisch GSP	Er erwähnt dort, daß er in Göttingen mit einer Arbeit über den Śrutabodha "doctorirt" habe.
Bruno Lindner	studied_at	University of Tübingen		1870	1879	True	Windisch GSP	in denen K. Geldner, geb. 1852, R. Garbe, geb. 1857, B. Lindner, geb. 1853, H. Zimmer, geb. 1851, und der Schweizer A. Kaegi, geb. 1849, um Roths willen Tübingen aufgesucht haben.
Bunyiu Nanjio	studied_at	University of Oxford		1879		True	Windisch GSP	die buddhistischen Priester Bunyiu Nanjio und Kenjiu Kasawara veranlaßt worden, die 1879 nach Oxford gekommen waren, um Sanskrit zu studieren.
Carl Cappeller	studied_at	University of Berlin		1860	1864	True	Windisch GSP	Er studierte 1860-1864 in Berlin zuerst klassische Philologie, dann Sanskrit bei Bopp und Weber.
Carl Cappeller	studied_at	University of Königsberg			1868	True	Winternitz GIL 3	C. Cappeller, Observationes ad Kālidāsae Mālavikāgnimitram, Diss., Regimonti 1868
Carl Gaedicke	studied_at	University of Jena			1877	False	Windisch GSP	Aus dessen Dissertation über den Akkusativ im Rgveda, Jena 1877, ging seine größere Schrift "Der Accusativ im Veda", Breslau 1880, hervor
Charles Rieu	studied_at	University of Bonn				True	Windisch GSP	Er hatte in Bonn studiert
Christian Karl Josias von Bunsen	studied_at	University of Göttingen				True	Windisch GSP	Bunsen hat mit theologischen und philologischen Studien in Marburg und Göttingen begonnen
Christian Karl Josias von Bunsen	studied_at	University of Marburg				True	Windisch GSP	Bunsen hat mit theologischen und philologischen Studien in Marburg und Göttingen begonnen
Claude-Auguste Court	studied_at	École Spéciale Militaire de Saint-Cyr				True	Windisch GSP	Court nennt sich in der Überschrift seiner Abhandlung ... "ancien élève de l'école militaire de St. Cyr".
Erich Schröter	studied_at	University of Leipzig				True	Windisch GSP	Erich Schröter in seiner Leipziger Dissertation "Pâśakakevalî, Ein indisches Würfelorakel", Borna 1900.
Ernst Haas	studied_at	University of Berlin				True	Windisch GSP	war von der mittelalterlichen Geschichte, Grammatik und Romanistik zum Sanskrit übergegangen in Bonn, Tübingen und Berlin
Ernst Haas	studied_at	University of Bonn				True	Windisch GSP	war von der mittelalterlichen Geschichte, Grammatik und Romanistik zum Sanskrit übergegangen in Bonn, Tübingen und Berlin
Ernst Haas	studied_at	University of Tübingen			1859	True	Windisch GSP	mit der er 1859 in Tübingen promoviert hatte
Ernst Windisch	studied_at	University of Leipzig		1863	1868	True	Windisch GSP	Er studierte 1863-1868 in Leipzig klassische Philologie unter Georg Curtius und Fr. Ritschl, daneben aber auch Germanistik unter Fr. Zarncke und von Anfang an Sanskrit und Zend unter H. Brockhaus.
Ferdinand de Saussure	studied_at	University of Berlin				True	Windisch GSP	dann ein Semester in Berlin
Ferdinand de Saussure	studied_at	University of Leipzig		1876	1880	True	Windisch GSP	Hier reiht sich auch die Leipziger Dissertation von Ferdinand de Saussure ein, "De l'emploi du génitif absolu", Genève 1881
Francis Henry Trithen	studied_at	University of Berlin		1838	1840	True	Windisch GSP	Der Sohn studierte zwischen 1838 und 1840 in Berlin, bei Bopp und Anderen
Franz Bopp	studied_at	London (unspecified)				True	Windisch GSP	Bopp hat seine Studien in Paris und London gemacht.
Franz Bopp	studied_at	Paris (unspecified)		1812		True	Windisch GSP; Winternitz GIL 1	Fr. Schlegel hatte seine Sanskritstudien, ebenso wie später Bopp, in Paris gemacht
Franz Bopp	studied_at	University of Göttingen		1820	1820	True	Windisch GSP	ging er für den Winter 1820 nach Göttingen, wo er sich besonders mit Hebräisch und Arabisch beschäftigte.
Friedrich Bollensen	studied_at	University of Göttingen	Theologie			True	Windisch GSP	Bollensen studierte in Göttingen Theologie
Friedrich Haag	studied_at	University of Berlin				True	Windisch GSP	studierte in Zürich, Göttingen, Berlin
Friedrich Haag	studied_at	University of Göttingen				True	Windisch GSP	studierte in Zürich, Göttingen, Berlin
Friedrich Haag	studied_at	University of Zurich				True	Windisch GSP	studierte in Zürich, Göttingen, Berlin, und promovierte 1869 in Zürich
Friedrich Heinrich Hugo Windischmann	studied_at	University of Bonn			1833	True	Windisch GSP	mit dem ersten Teile seiner Schrift "Sancara sive de Theologumenis Vedanticorum", Bonn 1833, in Bonn promoviert hatte.
Friedrich Max Müller	studied_at	Alte Nikolaischule				True	Windisch GSP	besuchte er die Nikolaischule in Leipzig unter Nobbe
Friedrich Max Müller	studied_at	University of Berlin		1844		True	Windisch GSP	Um Bopp und Schelling zu hören, ging er im Jahre 1844 nach Berlin
Friedrich Max Müller	studied_at	University of Leipzig			1843	True	Windisch GSP	studierte dann an der dortigen Universität klassische Philologie bei Gottfried Hermann, Haupt, Westermann, Klotz.
Friedrich Schlegel	studied_at	Paris (unspecified)		1803	1804	True	Windisch GSP; Winternitz GIL 1	Fr. Schlegel hatte seine Sanskritstudien, ebenso wie später Bopp, in Paris gemacht, "vom Frühjahr 1803—1804".
Friedrich Schlegel	studied_at	University of Leipzig				True	Windisch GSP	Friedrich lernte die Sakontala als neunzehnjähriger Student in Leipzig gleich bei ihrem Erscheinen kennen
G. B. Beaman	studied_at	University of Leipzig			1895	True	Winternitz GIL 3	G. B. Beaman, On the Sources of the Dharma-Śāstras of Manu and Yājñavalkya, Leipzig (Diss.) 1895
G. Herberich	studied_at	University of Würzburg			1893	True	Winternitz GIL 3	G. Herberich, Zitate aus Vṛddhamanu und Bṛhanmanu nach Sanskritwerken, Würzburg 1893, Diss.
Georg Curtius	studied_at	University of Berlin				True	Windisch GSP	Er hatte in Bonn und Berlin studiert.
Georg Curtius	studied_at	University of Bonn				True	Windisch GSP	Er hatte in Bonn und Berlin studiert.
Hans Jørgensen	studied_at	University of Kiel				True	Winternitz GIL 3	Der zweite Prapāṭhaka des Mantra-Brāhmaṇa ist herausgegeben und übersetzt von H. Jörgensen (Kieler Diss.), Darmstadt 1911.
Hans Wirtz	studied_at	University of Bonn			1894	False	Winternitz GIL 1	Hans Wirtz, Die westliche Rezension des Rāmāyaṇa. Inaug.-Diss. Bonn 1894.
Heinrich Schöhl	studied_at	University of Münster				False	Winternitz GIL 3	H. Schöhl, Die Strophen der Mādhavānalakathā (Diss. Münster), Halle a. S. 1914.
Heinrich Stönner	studied_at	University of Halle			1901	True	Winternitz GIL 1	Das Mantra-Brāhmaṇa. 1. Prapāṭhaka (Sanskrit und deutsch) von Heinrich Stönner. Halle a. S. 1901 (Inauguraldissertation).
Heinrich Wenzel	studied_at	University of Jena				True	Windisch GSP	studierte in Jena, Leipzig und Tübingen.
Heinrich Wenzel	studied_at	University of Leipzig				True	Windisch GSP	studierte in Jena, Leipzig und Tübingen.
Heinrich Wenzel	studied_at	University of Tübingen			1879	True	Windisch GSP	studierte in Jena, Leipzig und Tübingen. Seine Dissertation "Über den Instrumentalis im Rigveda", Tübingen 1879
Heinrich Zimmer	studied_at	University of Strasbourg				True	Windisch GSP	war im Sanskrit ein Schüler Goldschmidts in Straßburg
Heinrich Zimmer	studied_at	University of Tübingen		1870	1879	True	Windisch GSP	in denen K. Geldner, geb. 1852, R. Garbe, geb. 1857, B. Lindner, geb. 1853, H. Zimmer, geb. 1851, und der Schweizer A. Kaegi, geb. 1849, um Roths willen Tübingen aufgesucht haben.
Hermann Beckh	studied_at	University of Berlin			1907	True	Winternitz GIL 3	Beckh, Ein Beitrag zur Textkritik von Kālidāsas Meghadūta, Diss., Berlin 1907
Hermann Walter	studied_at	University of Munich			1893	True	Winternitz GIL 3	Aus dem Sanskrit übersetzt von Hermann Walter, München 1893, Diss.
Ivan Pavlovich Minaev	studied_at	University of Berlin		1863	1863	True	Windisch GSP	Minajeff, mit dem er 1863 in Berlin bei Weber studiert hatte
Jean-Louis Burnouf	studied_at	Collège d'Harcourt				True	Windisch GSP	Durch Gardin Dumesnil (Choix de Lettres S. 545) wurde er in das Collège d'Harcourt in Paris aufgenommen.
Jeannette M. van Gelder	studied_at	University of Leiden			1921	True	Winternitz GIL 3	Das Cayana des Mānava-Śrautasūtra ist kritisch herausgegeben von J. M. van Gelder, Leiden 1921, Diss.
Johannes Gildemeister	studied_at	University of Bonn				True	Windisch GSP	hat er in Göttingen und Bonn studiert
Johannes Gildemeister	studied_at	University of Göttingen				True	Windisch GSP	hat er in Göttingen und Bonn studiert
Johannes Hertel	studied_at	University of Leipzig		1897	1897	True	Winternitz GIL 3	Hertel, Über Text und Verfasser des Hitopadeša, Diss., Leipzig 1897
Johannes Klatt	studied_at	University of Halle			1873	True	Winternitz GIL 3	J. Klatt, De trecentis Cāṇakyae poetae Indici sententiis. Diss. Halis Saxonum, Berol. 1873
John Muir	studied_at	East India Company College				True	Windisch GSP	Gleichfalls ein Schüler des College zu Haileybury war der Schotte John Muir
Julius Eggeling	studied_at	University of Berlin				True	Windisch GSP	Nachdem er die Universitäten Breslau und Berlin besucht hatte
Julius Eggeling	studied_at	University of Breslau				True	Windisch GSP	Nachdem er die Universitäten Breslau und Berlin besucht hatte
Julius Laber	studied_at	University of Bonn			1913	True	Winternitz GIL 3	Jul. Laber, Über das Vajjālaggam des Jayavallabha, Bonner Diss., Leipzig 1913
Kaigyoku Watanabe	studied_at	University of Strasbourg			1912	False	Winternitz GIL 2	K. Watanabe, Die Bhadracarī, eine Probe buddhistisch-religiöser Lyrik, untersucht und herausgegeben (mit einer Übersetzung von E. Leumann), Leipzig 1912 (Straßburger Diss.).
Karl Florenz	studied_at	University of Göttingen			1887	True	Winternitz GIL 1	die ersten 50 Hymnen des VI. Buches C. A. Florenz (Göttingen 1887, Doktordissertation) ins Deutsche übersetzt.
Karl Friedrich Geldner	studied_at	University of Tübingen		1870	1879	True	Windisch GSP	in denen K. Geldner, geb. 1852, R. Garbe, geb. 1857, B. Lindner, geb. 1853, H. Zimmer, geb. 1851, und der Schweizer A. Kaegi, geb. 1849, um Roths willen Tübingen aufgesucht haben.
Karl Scriba	studied_at	University of Würzburg			1902	True	Winternitz GIL 3	K. Scriba, Die Fragmente des Pitāmaha, Text und Übersetzung, Leipzig 1902 (Würzburger Diss.).
Kenjiu Kasawara	studied_at	University of Oxford		1879		True	Windisch GSP	die buddhistischen Priester Bunyiu Nanjio und Kenjiu Kasawara veranlaßt worden, die 1879 nach Oxford gekommen waren, um Sanskrit zu studieren.
Louis Havet	studied_at	École Pratique des Hautes Études	élève			True	Windisch GSP	Sie ist ins Französische übersetzt worden von Havet, élève de l'École des Hautes Études
Ludwig Heller	studied_at	University of Göttingen			1894	False	Winternitz GIL 3	L. Heller, Halāyudhas Kavirahasya, Diss., Göttingen 1894
Max Lindenau	studied_at	University of Leipzig			1913	True	Winternitz GIL 3	Max Lindenau, Beiträge zur altindischen Rasalehre, mit besonderer Berücksichtigung des Nāṭyaśāstra des Bharata Muni. Diss. Leipzig 1913.
Monier Monier-Williams	studied_at	University of Oxford				True	Windisch GSP	Seine Sanskritstudien hat er in Oxford begonnen
Niels Ludvig Westergaard	studied_at	London (unspecified)				True	Windisch GSP	Seine schon in Kopenhagen begonnenen Sanskritstudien setzte er fort in Bonn, Paris, London und Oxford.
Niels Ludvig Westergaard	studied_at	Paris (unspecified)				True	Windisch GSP	Seine schon in Kopenhagen begonnenen Sanskritstudien setzte er fort in Bonn, Paris, London und Oxford.
Niels Ludvig Westergaard	studied_at	University of Bonn				True	Windisch GSP	Seine schon in Kopenhagen begonnenen Sanskritstudien setzte er fort in Bonn, Paris, London und Oxford.
Niels Ludvig Westergaard	studied_at	University of Copenhagen				True	Windisch GSP	Seine schon in Kopenhagen begonnenen Sanskritstudien setzte er fort in Bonn, Paris, London und Oxford.
Niels Ludvig Westergaard	studied_at	University of Oxford				True	Windisch GSP	Seine schon in Kopenhagen begonnenen Sanskritstudien setzte er fort in Bonn, Paris, London und Oxford.
Nikolai Dmitrievich Mironov	studied_at	University of Leipzig			1903	True	Winternitz GIL 2	N. Mironow, Die Dharmaparīkṣā des Amitagati. Diss. Leipzig 1903.
Othmar Frank	studied_at	London (unspecified)				True	Windisch GSP	Diese zweite Periode wurde heraufgeführt durch einen dreijährigen Studienaufenthalt in Paris und London
Othmar Frank	studied_at	Paris (unspecified)				True	Windisch GSP	Zwei Süddeutsche waren es, Othmar Frank und Franz Bopp, die nebeneinander in Paris, unterstützt von ihrer Regierung, dem Studium des Sanskrit oblagen
Otto von Böhtlingk	studied_at	University of Berlin				True	Windisch GSP	Er ging daher zunächst nach Berlin, von da nach Bonn.
Otto von Böhtlingk	studied_at	University of Bonn				True	Windisch GSP	Beide gingen bald von da nach Bonn.
Otto von Böhtlingk	studied_at	University of Saint Petersburg				True	Windisch GSP	Schon während seiner Studienzeit in Petersburg war ihm Bopps Glossarium und Grammatik in die Hände gekommen.
Paul Markus	studied_at	University of Leipzig			1886	True	Winternitz GIL 3	Paul Markus, Die Yoga-Philosophie nach dem Rājamārtaṇḍa dargestellt, Leipziger Diss., Halle a. S. 1886.
Paul Regnaud	studied_at	École Pratique des Hautes Études	élève			True	Windisch GSP	Paul Regnaud (élève de l'École des Hautes Études)
Paul Theodor Hoffmann	studied_at	University of Tübingen	doctoral candidate		1915	False	Winternitz GIL 3	P. Th. Hoffmann, Der indische und der deutsche Geist von Herder bis zur Romantik, Diss., Tübingen 1915
Peter von Bohlen	studied_at	University of Berlin				True	Windisch GSP	Student in Halle, Bonn und Berlin
Peter von Bohlen	studied_at	University of Bonn				True	Windisch GSP	Student in Halle, Bonn und Berlin
Peter von Bohlen	studied_at	University of Halle				True	Windisch GSP	Student in Halle, Bonn und Berlin
Peter von Bradke	studied_at	University of Leipzig			1882	True	Winternitz GIL 3	P. v. Bradke, Über das Mānava-Gṛhya-Sūtra, Leipzig (Diss.) 1882
Prabhu Dutt Shastri	studied_at	University of Kiel			1911	True	Winternitz GIL 3	Prabhu Dutt Shāstrī, The Doctrine of Māyā in the System of the Vedānta, London 1911 (Diss. Kiel)
R. Löbbecke	studied_at	University of Leipzig			1908	True	Winternitz GIL 3	R. Löbbecke, Über das Verhältnis der Brāhmaṇas und Śrautasūtren, Diss., Leipzig 1908.
Reinhold Rost	studied_at	University of Jena			1847	True	Windisch GSP	Er promovierte 1847 in Jena mit einer (ungedruckten) Arbeit über das Sinhalesische.
Richard Fick	studied_at	University of Kiel			1888	True	Winternitz GIL 2	R. Fick, Eine jainistische Bearbeitung der Sagara-Sage. Diss. Kiel 1888.
Richard Pischel	studied_at	University of Breslau			1870	True	Winternitz GIL 3	De Kâlidâsae Çâkuntali recensionibus, Diss., Breslau 1870
Richard von Garbe	studied_at	University of Tübingen		1870	1879	True	Windisch GSP	in denen K. Geldner, geb. 1852, R. Garbe, geb. 1857, B. Lindner, geb. 1853, H. Zimmer, geb. 1851, und der Schweizer A. Kaegi, geb. 1849, um Roths willen Tübingen aufgesucht haben.
Robert Zimmermann	studied_at	University of Berlin			1913	True	Winternitz GIL 3	R. Zimmermann, Die Quellen der Mahānārāyaṇa-Upaniṣad und das Verhältnis der verschiedenen Rezensionen zueinander. Diss. Berlin 1913
Rudolf Fuchs	studied_at	University of Berlin			1908	True	Winternitz GIL 2	Rudolf Fuchs, Specimen des Peṭakopadesa, Berlin, Diss., 1908.
Rudolf von Roth	studied_at	Paris (unspecified)		1843		True	Windisch GSP	begab sich 1843 nach Paris, von da nach London und Oxford.
Rudolf von Roth	studied_at	Tübinger Stift	Student der Theologie			True	Windisch GSP	war im Stift zu Tübingen Student der Theologie und wurde durch Ewald für das Sanskrit gewonnen.
Theodor Aufrecht	studied_at	University of Berlin				True	Windisch GSP	Er hat in Berlin studiert
Theodor Benfey	studied_at	University of Göttingen			1826	True	Windisch GSP	Er promovierte 1826 in Göttingen mit einer Dissertation "De Liguris"
Theodor Bloch	studied_at	University of Leipzig			1893	True	Winternitz GIL 3	Th. Bloch, Vararuci und Hemacandra, ein Beitrag zur Kritik und Geschichte der Prakrit-Grammatik, (Leipziger) Diss., Gütersloh 1893
Theodor Goldstücker	studied_at	University of Königsberg			1840	True	Windisch GSP	Nachdem er 1840 in Königsberg promoviert hatte
Tsurumatsu Tokiwai	studied_at	University of Strasbourg			1898	True	Winternitz GIL 2	Tsuru-Matsu Tokiwai, Studien zum Sumāgadhāvadāna, Diss. der Universität Straßburg 1898
Tukaram K. Laddu	studied_at	University of Halle			1912	True	Winternitz GIL 3	Tukaram Laddu, Prolegomena zu Trivikramas Prākrit-Grammatik. Diss. Halle 1912.
Unrai Wogihara	studied_at	University of Strasbourg			1908	False	Winternitz GIL 2	Unrai Wogihara, Asaṅga's Bodhisattvabhūmi, Straßburger Diss., Leipzig 1908.
Wilhelm Heymann	studied_at	University of Göttingen			1873	True	Windisch GSP	in der Göttinger Dissertation "Das l der indogermanischen Sprachen gehört der indogermanischen Grundsprache an" von Wilhelm Heymann, Weimar 1873
Wilhelm Jahn	studied_at	University of Leipzig			1904	True	Winternitz GIL 3	W. Jahn, Über die kosmogonischen Grundanschauungen im Mānava-Dharma-Śāstram, Leipzig 1904, Diss.
Wilhelm Pertsch	studied_at	University of Berlin			1854	True	Windisch GSP	deren Particula Prior Pertschs Doktordissertation war, Berlin 1854.
William Dwight Whitney	studied_at	University of Berlin		1850	1852	True	Windisch GSP	Die Jahre 1850 bis 1852 brachte er in Deutschland zu, drei Winter in Berlin, zwei Sommer in Tübingen.
William Dwight Whitney	studied_at	University of Tübingen		1850	1852	True	Windisch GSP	Die Jahre 1850 bis 1852 brachte er in Deutschland zu, drei Winter in Berlin, zwei Sommer in Tübingen.
Willibald Kirfel	studied_at	University of Bonn			1908	True	Winternitz GIL 3	W. Kirfel, Beiträge zur Geschichte der Nominalkomposition in den Upaniṣads und im Epos. Diss. Bonn 1908
Adolphe Regnier	succeeded	Jean-Louis Burnouf	Professur für éloquence latine			True	Windisch GSP	kann mit Jean Louis Burnouf verglichen werden, dessen Nachfolger in der Professur für »éloquence latine« am Collège de France er wurde.
Edward Granville Browne	succeeded	Charles Rieu	Adams Professor of Arabic			True	Windisch GSP	Sein Nachfolger in dieser Professur, Edward G. Browne, hat ihm im Journal der RAS. 1902 S. 718 ff. einen warmen Nekrolog gewidmet.
Ernst Haas	succeeded	Julius Eggeling		1875		True	Windisch GSP	wo er der Nachfolger von Rosen, Goldstücker, Eggeling war.
Ernst Kuhn	succeeded	Adalbert Kuhn	Herausgeber			True	Windisch GSP	An die Stelle von Adalbert Kuhn ist sein Sohn Ernst Kuhn getreten.
Ernst Windisch	succeeded	Adolf Holtzmann the Elder	Professor für Vergleichende Sprachwissenschaft	1870		True	Windisch GSP	Nach Holtzmanns Tode wurde die Professur geteilt, für Deutsch und Romanisch wurde K. Bartsch berufen, für Vergleichende Sprachwissenschaft E. Windisch.
Ernst Windisch	succeeded	Hermann Brockhaus	Professor des Sanskrit	1877		True	Windisch GSP	folgte er 1877 einem Rufe als Nachfolger von Brockhaus nach Leipzig.
Eugène Burnouf	succeeded	Antoine-Léonard de Chézy		1832		True	Windisch GSP	Nach Chézys Tode im Jahre 1832 wurde er dessen Nachfolger am Collège de France.
Franz Kielhorn	succeeded	Georg Bühler	Herausgeber des Grundrisses; Leitung des Grundrisses der indo-arischen Philologie und Altertumskunde			True	Windisch GSP; Winternitz GIL 1	BEGRÜNDET VON G. BÜHLER, FORTGESETZT VON F. KIELHORN
Hermann Brunnhofer	succeeded	Franz Kielhorn	wissenschaftlicher Hilfsarbeiter bei Monier Williams	1866		True	Windisch GSP	wo er zuerst als Nachfolger des nach Indien berufenen Kielhorn wissenschaftlicher Hilfsarbeiter bei Monier Williams in Oxford war.
James Prinsep	succeeded	Horace Hayman Wilson	Assay Master	1833		True	Windisch GSP	Amtlich war Wilson als Assay Master von Calcutta Prinseps Vorgänger
Jean-Pierre Abel-Rémusat	succeeded	Louis-Mathieu Langlès	Bewahrer der Orientalischen Mss.			True	Windisch GSP	Rémusat, nicht Chézy, war der Nachfolger von Langlès als Bewahrer der Orientalischen Mss. geworden
John Shore, 1st Baron Teignmouth	succeeded	William Jones	President			True	Windisch GSP	sein Nachfolger als President der Asiatic So- ciety, Sir John Shore
Joseph Toussaint Reinaud	succeeded	Antoine-Isaac Silvestre de Sacy	Professor des Arabischen	1838		True	Windisch GSP	wurde 1838 de Sacys Nachfolger als Professor des Arabischen an der École des Langues orientales vivantes
Julius Eggeling	succeeded	Albrecht Weber	took over translation of the Śatapathabrāhmaṇa			True	Windisch GSP	Eine ursprünglich von Weber selbst geplante vollständige Übersetzung übernahm J. Eggeling in den Sacred Books of the East
Julius Eggeling	succeeded	Hermann Brunnhofer	Assistent bei Max Müller	1867	1869	True	Windisch GSP	Er wurde bald als Nachfolger Brunnhofers Assistent bei Max Müller, 1867—1869
Julius Eggeling	succeeded	Theodor Aufrecht	Professur für Sanskrit und Comparative Philology	1875		True	Windisch GSP	Als Aufrecht 1875 nach Bonn übersiedelte, wurde er dessen Nachfolger in der Professur für Sanskrit und Comparative Philology zu Edinburgh.
Julius Eggeling	succeeded	Theodor Goldstücker	Editor			True	Windisch GSP	Eggeling trat als Editor zu the Sanskrit Text Society an die Stelle von Goldstücker
Karl Brugmann	succeeded	Georg Curtius	Professur für Vergleichende Sprachwissenschaft	1885		True	Windisch GSP	Brugmann wurde sein Nachfolger in einer besonderen Professur für Vergleichende Sprachwissenschaft.
Mahesh Chandra Nyayratna Bhattacharyya	succeeded	Ishwar Chandra Vidyasagar	Direttore			True	Windisch GSP	Mahesha Candra Nyāyaratna... und den gelehrten Paṇḍit Īśvara Candra Vidyāsāgara, der vor diesem "Direttore del Collegio Sanscrito" gewesen war
Michele Kerbaker	succeeded	Giacomo Lignana	Professor	1870		True	Windisch GSP	Als Lignana 1870 nach Rom übersiedelte, wurde Michele Kerbaker, geboren 1836 in Turin, sein Nachfolger in Neapel
Monier Monier-Williams	succeeded	Horace Hayman Wilson	Boden Professor of Sanskrit	1860		True	Windisch GSP	Auch der Eindruck, den Wilson einst auf seinen späteren Verehrer und Nachfolger, den jugendlichen Monier Williams gemacht hatte
Ralph T. H. Griffith	succeeded	James Robert Ballantyne	Principal			True	Windisch GSP	Griffith war Ballantynes Nachfolger als Principal of the Benares College
Richard Pischel	succeeded	Albrecht Weber				True	Windisch GSP	R. Pischel, sein Nachfolger, hat in seiner 'Gedächtnisrede auf Albrecht Weber'...
Richard von Garbe	succeeded	Rudolf von Roth				True	Windisch GSP	Über Roths Leben und Persönlichkeit handelt eingehender sein Schüler und Nachfolger R. Garbe in der Allgemeinen Deutschen Biographie.
Stanislas Julien	succeeded	Jean-Pierre Abel-Rémusat				True	Windisch GSP	Stanislas Julien (1797-1873), der Nachfolger Rémusats
Theodor Aufrecht	succeeded	Christian Lassen		1875		True	Windisch GSP	ging aber 1875 als Lassens Nachfolger nach Bonn.
Théodore Pavie	succeeded	Eugène Burnouf	Professur des Sanskrit	1852		True	Windisch GSP	Im Jahre 1852 war er Burnoufs Nachfolger am Collège de France geworden
Wilhelm Schulze	succeeded	Johannes Schmidt	Professor			True	Windisch GSP	Wilhelm Schulze, der Nachfolger Joh. Schmidts in der Berliner Professur
